epoch,time,train/box_loss,train/seg_loss,train/cls_loss,train/dfl_loss,train/sem_loss,metrics/precision(B),metrics/recall(B),metrics/mAP50(B),metrics/mAP50-95(B),metrics/precision(M),metrics/recall(M),metrics/mAP50(M),metrics/mAP50-95(M),val/box_loss,val/seg_loss,val/cls_loss,val/dfl_loss,val/sem_loss,lr/pg0,lr/pg1,lr/pg2,lr/pg3,lr/pg4,lr/pg5,lr/pg6,lr/pg7
1,2.08766,0.48183,1.82695,3.73904,1.04968,0,0.01286,0.90476,0.19635,0.16323,0.01286,0.90476,0.19436,0.16883,0.17347,0.35373,3.16547,0.81791,0,0.0027,0.0009,0.0027,0.0009,0.0027,0.0009,0.0027,0.0009
2,4.76477,0.39012,1.72068,3.61574,0.99679,0,0.02443,0.96429,0.18242,0.17852,0.02443,0.96429,0.18242,0.17938,0.09986,0.27524,3.16031,0.78592,0,0.00569887,0.00189962,0.00569887,0.00189962,0.00569887,0.00189962,0.00569887,0.00189962
3,6.95827,0.34156,1.02616,3.46147,0.98303,0,0.02471,1,0.27865,0.27451,0.02471,1,0.27865,0.27011,0.14779,0.41987,3.13445,0.81389,0,0.00869655,0.00289885,0.00869655,0.00289885,0.00869655,0.00289885,0.00869655,0.00289885
4,9.1558,0.39763,0.93048,3.32166,0.97557,0,0.03838,1,0.2423,0.23847,0.03838,1,0.2423,0.2423,0.19968,0.27283,3.03886,0.8089,0,0.0116931,0.00389768,0.0116931,0.00389768,0.0116931,0.00389768,0.0116931,0.00389768
5,11.341,0.42826,0.96968,3.00917,0.98167,0,0.01091,1,0.33274,0.33035,0.01091,1,0.33274,0.33274,0.20145,0.2247,2.86238,0.81304,0,0.0146884,0.00489612,0.0146884,0.00489612,0.0146884,0.00489612,0.0146884,0.00489612
6,13.5456,0.44343,0.98781,2.62501,0.9642,0,0.00752,1,0.57459,0.52581,0.00752,1,0.57459,0.554,0.24712,0.52339,2.67093,0.83068,0,0.0176825,0.00589416,0.0176825,0.00589416,0.0176825,0.00589416,0.0176825,0.00589416
7,15.4297,0.42409,1.06848,2.3059,0.95078,0,0.78093,0.26071,0.62304,0.59257,0.78093,0.26071,0.62304,0.6166,0.28565,0.63916,2.33911,0.87724,0,0.0206754,0.0068918,0.0206754,0.0068918,0.0206754,0.0068918,0.0206754,0.0068918
8,17.2971,0.44166,0.75087,2.18421,0.95877,0,0.68005,0.73532,0.72809,0.66594,0.68005,0.73532,0.72809,0.71694,0.39187,0.54184,1.6716,0.91114,0,0.0236672,0.00788905,0.0236672,0.00788905,0.0236672,0.00788905,0.0236672,0.00788905
9,19.1727,0.50305,1.07558,2.04913,0.97112,0,0.63609,0.50622,0.6221,0.53844,0.63609,0.50622,0.6221,0.59327,0.38988,1.10045,2.1007,0.94938,0,0.0266577,0.0088859,0.0266577,0.0088859,0.0266577,0.0088859,0.0266577,0.0088859
10,21.0264,0.43627,0.95212,2.04858,0.96704,0,0.38423,0.3631,0.35985,0.33396,0.37603,0.34626,0.33686,0.29011,0.54949,2.55462,2.51855,1.04462,0,0.0296471,0.00988236,0.0296471,0.00988236,0.0296471,0.00988236,0.0296471,0.00988236
11,22.7244,0.57898,0.78896,1.95784,1.01521,0,0.79767,0.50685,0.56076,0.43547,0.79767,0.50685,0.56076,0.52161,0.6873,0.9327,2.06894,1.16656,0,0.0299406,0.0099802,0.0299406,0.0099802,0.0299406,0.0099802,0.0299406,0.0099802
12,24.6003,0.55108,0.98152,1.87943,1.01379,0,0.26655,0.7018,0.45814,0.39888,0.2473,0.67485,0.43301,0.3801,0.49346,1.70276,2.20556,1.02702,0,0.0299347,0.00997822,0.0299347,0.00997822,0.0299347,0.00997822,0.0299347,0.00997822
13,26.3086,0.55095,0.91464,1.85027,0.99445,0,0.137,0.32142,0.32036,0.29077,0.2966,0.1642,0.16729,0.12107,0.48247,5.25574,3.26825,1.02442,0,0.0299287,0.00997624,0.0299287,0.00997624,0.0299287,0.00997624,0.0299287,0.00997624
14,28.2917,0.59608,0.79949,1.68811,1.01538,0,0.42207,0.60054,0.46113,0.41946,0.40496,0.43411,0.3487,0.32185,0.46708,2.28424,2.52213,1.00787,0,0.0299228,0.00997426,0.0299228,0.00997426,0.0299228,0.00997426,0.0299228,0.00997426
15,30.0083,0.52123,0.9968,1.6911,1.01715,0,0.30649,0.71799,0.63886,0.50105,0.30649,0.71799,0.63419,0.55084,0.51321,1.66439,3.48638,1.08553,0,0.0299168,0.00997228,0.0299168,0.00997228,0.0299168,0.00997228,0.0299168,0.00997228
16,31.8677,0.49611,0.80874,1.76228,0.99541,0,0.3216,0.57857,0.36235,0.29852,0.3216,0.57857,0.36732,0.3361,0.5758,0.57148,5.82969,1.12259,0,0.0299109,0.0099703,0.0299109,0.0099703,0.0299109,0.0099703,0.0299109,0.0099703
17,33.5759,0.51246,0.93181,1.66181,0.99006,0,0.3061,0.41919,0.38104,0.29181,0.28535,0.29939,0.28557,0.23079,0.77536,2.96776,4.5146,1.32312,0,0.029905,0.00996832,0.029905,0.00996832,0.029905,0.00996832,0.029905,0.00996832
18,35.4356,0.48634,0.97789,1.60708,0.9652,0,0.39123,0.57712,0.53081,0.41895,0.55153,0.38208,0.39344,0.26835,0.76477,4.31972,5.08897,1.23657,0,0.029899,0.00996634,0.029899,0.00996634,0.029899,0.00996634,0.029899,0.00996634
19,37.1358,0.52012,0.9669,1.60422,0.99615,0,0.56724,0.40476,0.35128,0.24505,0.48017,0.33827,0.26685,0.20785,1.14332,3.13988,6.29366,1.64255,0,0.0298931,0.00996436,0.0298931,0.00996436,0.0298931,0.00996436,0.0298931,0.00996436
20,38.9925,0.57427,0.86126,1.64384,0.99209,0,0.42196,0.58943,0.37211,0.30788,0.36053,0.47767,0.25955,0.23531,0.85531,3.03321,4.43563,1.45359,0,0.0298871,0.00996238,0.0298871,0.00996238,0.0298871,0.00996238,0.0298871,0.00996238
21,40.6962,0.48105,0.92394,1.44451,0.98238,0,0.53149,0.27381,0.30997,0.25103,0.53149,0.27381,0.32101,0.27907,0.90812,1.63744,3.87209,1.43596,0,0.0298812,0.0099604,0.0298812,0.0099604,0.0298812,0.0099604,0.0298812,0.0099604
22,42.5489,0.47145,0.86464,1.41616,0.97072,0,0.48381,0.30987,0.20951,0.17013,0.46547,0.1869,0.14966,0.0987,0.89961,4.41715,5.25049,1.49014,0,0.0298753,0.00995842,0.0298753,0.00995842,0.0298753,0.00995842,0.0298753,0.00995842
23,44.3704,0.52625,1.15531,1.49708,0.99532,0,0.41575,0.37146,0.40513,0.24646,0.42053,0.44723,0.42048,0.34366,0.73093,2.11302,6.16423,1.30036,0,0.0298693,0.00995644,0.0298693,0.00995644,0.0298693,0.00995644,0.0298693,0.00995644
24,46.2299,0.53017,0.92465,1.41794,0.99945,0,0.5283,0.55082,0.71919,0.66834,0.5283,0.55082,0.72058,0.70082,0.43563,0.68892,1.7439,0.95208,0,0.0298634,0.00995446,0.0298634,0.00995446,0.0298634,0.00995446,0.0298634,0.00995446
25,47.9277,0.56933,0.74301,1.44141,1.01158,0,0.61768,0.43799,0.57991,0.46482,0.61768,0.43799,0.58029,0.49741,0.58459,1.43884,2.7248,1.17378,0,0.0298574,0.00995248,0.0298574,0.00995248,0.0298574,0.00995248,0.0298574,0.00995248
26,49.7835,0.44059,0.6559,1.35143,0.96765,0,0.65069,0.76195,0.75368,0.72028,0.65069,0.76195,0.75368,0.73069,0.3635,0.45775,1.49967,0.88772,0,0.0298515,0.0099505,0.0298515,0.0099505,0.0298515,0.0099505,0.0298515,0.0099505
27,51.4809,0.49895,0.94974,1.33175,0.99613,0,0.60792,0.72991,0.71255,0.64892,0.60792,0.72991,0.71255,0.64985,0.4759,0.95769,1.53261,1.06004,0,0.0298456,0.00994852,0.0298456,0.00994852,0.0298456,0.00994852,0.0298456,0.00994852
28,53.3411,0.50479,0.88802,1.31519,0.97441,0,0.8828,0.75067,0.88166,0.80928,0.8828,0.75067,0.88166,0.82411,0.43495,0.91684,1.01729,0.97173,0,0.0298396,0.00994654,0.0298396,0.00994654,0.0298396,0.00994654,0.0298396,0.00994654
29,55.0453,0.51115,0.87133,1.33394,0.98831,0,0.85997,0.48485,0.58717,0.51895,0.85997,0.48485,0.58717,0.48463,0.48756,1.42879,1.80285,1.01195,0,0.0298337,0.00994456,0.0298337,0.00994456,0.0298337,0.00994456,0.0298337,0.00994456
30,56.8877,0.45189,0.79652,1.21833,0.95096,0,0.57844,0.62684,0.63889,0.58443,0.57844,0.62684,0.63889,0.61988,0.36135,0.48296,2.23548,0.90554,0,0.0298277,0.00994258,0.0298277,0.00994258,0.0298277,0.00994258,0.0298277,0.00994258
31,58.5359,0.51935,0.7894,1.26482,0.97625,0,0.3027,0.53215,0.54876,0.51302,0.3027,0.53215,0.54876,0.5351,0.37034,0.37757,1.72998,0.9175,0,0.0298218,0.0099406,0.0298218,0.0099406,0.0298218,0.0099406,0.0298218,0.0099406
32,60.3514,0.52947,0.69853,1.17142,0.98948,0,0.66177,0.62481,0.77094,0.68943,0.66177,0.62481,0.77094,0.74027,0.34971,0.22431,1.47918,0.86551,0,0.0298159,0.00993862,0.0298159,0.00993862,0.0298159,0.00993862,0.0298159,0.00993862
33,62.1348,0.48453,0.76554,1.17417,0.98199,0,0.50492,0.85925,0.59904,0.57933,0.50716,0.88112,0.60842,0.59712,0.34157,0.19081,2.25597,0.89182,0,0.0298099,0.00993664,0.0298099,0.00993664,0.0298099,0.00993664,0.0298099,0.00993664
34,63.9631,0.43397,0.72174,1.15071,0.96276,0,0.64755,0.83804,0.77457,0.73664,0.64755,0.83804,0.77457,0.76135,0.3174,0.2662,1.2056,0.84729,0,0.029804,0.00993466,0.029804,0.00993466,0.029804,0.00993466,0.029804,0.00993466
35,65.6245,0.50166,0.76188,1.06128,0.96689,0,0.68588,0.77014,0.83353,0.80197,0.68588,0.77014,0.83353,0.82714,0.3297,0.28087,1.64768,0.87081,0,0.029798,0.00993268,0.029798,0.00993268,0.029798,0.00993268,0.029798,0.00993268
36,67.4486,0.48068,0.69014,1.05019,0.96659,0,0.73206,0.8103,0.79519,0.77017,0.73206,0.8103,0.79519,0.7782,0.28966,0.434,1.13871,0.84928,0,0.0297921,0.0099307,0.0297921,0.0099307,0.0297921,0.0099307,0.0297921,0.0099307
37,69.1133,0.45436,0.61049,1.01718,0.95957,0,0.74784,0.84695,0.79953,0.75787,0.74784,0.84695,0.79953,0.78334,0.29865,0.50694,1.28738,0.84231,0,0.0297862,0.00992872,0.0297862,0.00992872,0.0297862,0.00992872,0.0297862,0.00992872
38,70.9366,0.46687,0.82792,0.9764,0.95072,0,0.53633,0.80623,0.7338,0.7138,0.53633,0.80623,0.7338,0.72784,0.27615,0.25221,1.83707,0.83165,0,0.0297802,0.00992674,0.0297802,0.00992674,0.0297802,0.00992674,0.0297802,0.00992674
39,72.588,0.45845,0.64002,1.04508,0.95796,0,0.6171,0.8518,0.81197,0.76717,0.6171,0.8518,0.81197,0.79998,0.32798,0.26785,0.99406,0.86014,0,0.0297743,0.00992476,0.0297743,0.00992476,0.0297743,0.00992476,0.0297743,0.00992476
40,74.4182,0.45857,0.66745,1.03012,0.96672,0,0.65922,0.65958,0.78306,0.76467,0.65922,0.65958,0.78306,0.74465,0.3157,0.57131,1.35201,0.85574,0,0.0297683,0.00992278,0.0297683,0.00992278,0.0297683,0.00992278,0.0297683,0.00992278
41,76.0856,0.49543,0.62038,1.00998,0.95043,0,0.8786,0.55699,0.82431,0.77474,0.8786,0.55699,0.82431,0.72628,0.4002,0.86944,1.04685,0.91085,0,0.0297624,0.0099208,0.0297624,0.0099208,0.0297624,0.0099208,0.0297624,0.0099208
42,78.0541,0.47436,0.67703,0.93754,0.95805,0,0.68919,0.51807,0.56554,0.50275,0.68919,0.51807,0.55748,0.42886,0.53652,2.96747,1.90606,1.02426,0,0.0297565,0.00991882,0.0297565,0.00991882,0.0297565,0.00991882,0.0297565,0.00991882
43,79.7174,0.43765,0.68574,1.03091,0.9768,0,0.50109,0.83095,0.7939,0.77326,0.50109,0.83095,0.7939,0.75688,0.2528,0.52372,1.34494,0.84779,0,0.0297505,0.00991684,0.0297505,0.00991684,0.0297505,0.00991684,0.0297505,0.00991684
44,81.5409,0.46884,0.75319,0.98374,0.99136,0,0.60705,0.70714,0.69273,0.6175,0.60705,0.70714,0.69273,0.66519,0.3016,0.23713,1.72262,0.85746,0,0.0297446,0.00991486,0.0297446,0.00991486,0.0297446,0.00991486,0.0297446,0.00991486
45,83.2146,0.48502,0.7904,0.9757,0.95971,0,0.50343,0.74286,0.64983,0.59597,0.50343,0.74286,0.64983,0.63226,0.29799,0.22336,1.46275,0.85285,0,0.0297386,0.00991288,0.0297386,0.00991288,0.0297386,0.00991288,0.0297386,0.00991288
46,85.0339,0.46046,0.67512,0.86956,0.95138,0,0.75657,0.58914,0.66447,0.61598,0.75657,0.58914,0.66447,0.61367,0.33861,0.68565,1.19488,0.86594,0,0.0297327,0.0099109,0.0297327,0.0099109,0.0297327,0.0099109,0.0297327,0.0099109
47,86.6965,0.47143,0.65483,0.89958,0.95885,0,0.73592,0.71451,0.83583,0.7979,0.73592,0.71451,0.83583,0.82188,0.30883,0.3967,1.08369,0.84507,0,0.0297268,0.00990892,0.0297268,0.00990892,0.0297268,0.00990892,0.0297268,0.00990892
48,88.5088,0.45708,0.87582,0.87723,0.95664,0,0.63676,0.73434,0.8149,0.77366,0.63676,0.73434,0.8149,0.79434,0.2862,0.27321,1.79095,0.85517,0,0.0297208,0.00990694,0.0297208,0.00990694,0.0297208,0.00990694,0.0297208,0.00990694
49,90.168,0.50753,0.9494,0.9732,0.98186,0,0.76884,0.75238,0.82717,0.8023,0.76884,0.75238,0.82717,0.82056,0.25175,0.3142,0.92989,0.82869,0,0.0297149,0.00990496,0.0297149,0.00990496,0.0297149,0.00990496,0.0297149,0.00990496
50,91.9881,0.45759,0.61126,0.83443,0.96481,0,0.73486,0.80406,0.8424,0.80024,0.73486,0.80406,0.8424,0.81903,0.35299,0.6503,1.06618,0.85924,0,0.0297089,0.00990298,0.0297089,0.00990298,0.0297089,0.00990298,0.0297089,0.00990298
51,93.7667,0.47672,0.61234,0.90281,0.97243,0,0.79593,0.78727,0.78373,0.75695,0.79593,0.78727,0.78373,0.7492,0.31911,0.82314,1.45777,0.85832,0,0.029703,0.009901,0.029703,0.009901,0.029703,0.009901,0.029703,0.009901
52,95.5965,0.45657,0.49599,0.81649,0.94307,0,0.75063,0.85021,0.82836,0.79541,0.75063,0.85021,0.82836,0.82626,0.31574,0.3345,0.91001,0.89175,0,0.0296971,0.00989902,0.0296971,0.00989902,0.0296971,0.00989902,0.0296971,0.00989902
53,97.2484,0.4311,0.45361,0.80933,0.95218,0,0.68172,0.7847,0.82195,0.79456,0.68172,0.7847,0.82195,0.81796,0.28902,0.28284,1.02624,0.83793,0,0.0296911,0.00989704,0.0296911,0.00989704,0.0296911,0.00989704,0.0296911,0.00989704
54,99.0787,0.45826,0.57696,0.7785,0.94735,0,0.78331,0.91171,0.91605,0.88131,0.78331,0.91171,0.91605,0.9116,0.27923,0.32077,0.64611,0.83316,0,0.0296852,0.00989506,0.0296852,0.00989506,0.0296852,0.00989506,0.0296852,0.00989506
55,100.743,0.39573,0.47395,0.82484,0.93935,0,0.7781,0.8852,0.88683,0.86797,0.7781,0.8852,0.88683,0.8754,0.28173,0.36691,0.90668,0.84425,0,0.0296792,0.00989308,0.0296792,0.00989308,0.0296792,0.00989308,0.0296792,0.00989308
56,102.547,0.44046,0.63488,0.83992,0.9687,0,0.81956,0.77678,0.85969,0.83387,0.81956,0.77678,0.85969,0.85969,0.26713,0.19573,1.04687,0.83477,0,0.0296733,0.0098911,0.0296733,0.0098911,0.0296733,0.0098911,0.0296733,0.0098911
57,104.204,0.42122,0.60204,0.81635,0.96264,0,0.73339,0.8532,0.89633,0.8701,0.73339,0.8532,0.89633,0.89237,0.28385,0.20196,0.82544,0.82847,0,0.0296674,0.00988912,0.0296674,0.00988912,0.0296674,0.00988912,0.0296674,0.00988912
58,106.112,0.43155,0.67293,0.77609,0.9471,0,0.64627,0.80966,0.77749,0.74461,0.64627,0.80966,0.77749,0.77007,0.26933,0.23584,1.03072,0.82446,0,0.0296614,0.00988714,0.0296614,0.00988714,0.0296614,0.00988714,0.0296614,0.00988714
59,107.768,0.40864,0.57649,0.80169,0.95677,0,0.60021,0.85714,0.80932,0.77715,0.60021,0.85714,0.80932,0.79347,0.26283,0.33529,0.85535,0.83212,0,0.0296555,0.00988516,0.0296555,0.00988516,0.0296555,0.00988516,0.0296555,0.00988516
60,109.701,0.38266,0.71193,0.76017,0.92808,0,0.69837,0.70384,0.82851,0.80182,0.69837,0.70384,0.82851,0.81063,0.24843,0.33335,1.03385,0.81765,0,0.0296495,0.00988318,0.0296495,0.00988318,0.0296495,0.00988318,0.0296495,0.00988318
61,111.361,0.45051,0.59558,0.76952,0.95529,0,0.69104,0.8031,0.76976,0.75583,0.69104,0.8031,0.76976,0.74951,0.24018,0.43312,1.31177,0.82072,0,0.0296436,0.0098812,0.0296436,0.0098812,0.0296436,0.0098812,0.0296436,0.0098812
62,113.178,0.40697,0.83082,0.71151,0.94535,0,0.77054,0.78521,0.82643,0.79547,0.77054,0.78521,0.82643,0.8061,0.30532,0.41914,1.07075,0.83861,0,0.0296377,0.00987922,0.0296377,0.00987922,0.0296377,0.00987922,0.0296377,0.00987922
63,114.836,0.4143,0.6627,0.68851,0.92527,0,0.78619,0.79895,0.87527,0.86837,0.78619,0.79895,0.87527,0.86569,0.23696,0.47009,0.88028,0.80401,0,0.0296317,0.00987724,0.0296317,0.00987724,0.0296317,0.00987724,0.0296317,0.00987724
64,116.658,0.4441,0.58898,0.67897,0.94712,0,0.73319,0.84765,0.85308,0.84072,0.73319,0.84765,0.85308,0.85308,0.23883,0.25476,0.94649,0.81522,0,0.0296258,0.00987526,0.0296258,0.00987526,0.0296258,0.00987526,0.0296258,0.00987526
65,118.313,0.4172,0.55279,0.65787,0.93872,0,0.64316,0.86126,0.85311,0.83308,0.64316,0.86126,0.85311,0.8139,0.2808,0.40985,1.20986,0.83002,0,0.0296198,0.00987328,0.0296198,0.00987328,0.0296198,0.00987328,0.0296198,0.00987328
66,120.11,0.4386,0.63339,0.67246,0.9509,0,0.68043,0.78458,0.80927,0.80815,0.68043,0.78458,0.80927,0.80927,0.22336,0.39657,1.04844,0.81278,0,0.0296139,0.0098713,0.0296139,0.0098713,0.0296139,0.0098713,0.0296139,0.0098713
67,121.765,0.39984,0.51518,0.6947,0.94842,0,0.69932,0.87333,0.87832,0.84998,0.69932,0.87333,0.87832,0.87832,0.31885,0.29545,1.01208,0.85766,0,0.029608,0.00986932,0.029608,0.00986932,0.029608,0.00986932,0.029608,0.00986932
68,123.565,0.44319,0.78866,0.7152,0.95335,0,0.78704,0.8069,0.83217,0.81143,0.77575,0.79049,0.80923,0.79066,0.26138,0.62701,1.09748,0.84254,0,0.029602,0.00986734,0.029602,0.00986734,0.029602,0.00986734,0.029602,0.00986734
69,125.318,0.37988,0.49769,0.72527,0.92243,0,0.87313,0.68467,0.832,0.79183,0.87313,0.68467,0.832,0.82604,0.27241,0.24239,0.86331,0.83343,0,0.0295961,0.00986536,0.0295961,0.00986536,0.0295961,0.00986536,0.0295961,0.00986536
70,127.146,0.41211,0.82009,0.69631,0.93082,0,0.70721,0.86646,0.91471,0.90654,0.70721,0.86646,0.91471,0.91172,0.23969,0.21286,0.69481,0.82251,0,0.0295901,0.00986338,0.0295901,0.00986338,0.0295901,0.00986338,0.0295901,0.00986338
71,128.818,0.39683,0.58101,0.64371,0.92958,0,0.82406,0.88979,0.93303,0.91864,0.82406,0.88979,0.93303,0.93202,0.24854,0.36203,0.72332,0.81689,0,0.0295842,0.0098614,0.0295842,0.0098614,0.0295842,0.0098614,0.0295842,0.0098614
72,130.642,0.40152,0.54379,0.6534,0.93286,0,0.75871,0.92357,0.89861,0.88367,0.75871,0.92357,0.89861,0.88906,0.22885,0.35719,0.61762,0.82203,0,0.0295783,0.00985942,0.0295783,0.00985942,0.0295783,0.00985942,0.0295783,0.00985942
73,132.301,0.40225,0.49828,0.66777,0.93496,0,0.61487,0.68011,0.76587,0.75856,0.61487,0.68011,0.7639,0.75395,0.2847,1.08812,1.16629,0.86492,0,0.0295723,0.00985744,0.0295723,0.00985744,0.0295723,0.00985744,0.0295723,0.00985744
74,134.131,0.42268,0.5933,0.6643,0.94095,0,0.70494,0.73289,0.78668,0.78028,0.70494,0.73289,0.77269,0.74404,0.23344,1.26338,1.24355,0.85255,0,0.0295664,0.00985546,0.0295664,0.00985546,0.0295664,0.00985546,0.0295664,0.00985546
75,135.781,0.39311,0.55283,0.65706,0.92929,0,0.71175,0.82668,0.86621,0.85137,0.71175,0.82668,0.86621,0.85642,0.26253,0.49089,0.89748,0.84662,0,0.0295604,0.00985348,0.0295604,0.00985348,0.0295604,0.00985348,0.0295604,0.00985348
76,137.598,0.4065,0.53227,0.60636,0.92051,0,0.86114,0.7619,0.82534,0.81849,0.86114,0.7619,0.82556,0.81771,0.23101,0.33459,0.86883,0.82231,0,0.0295545,0.0098515,0.0295545,0.0098515,0.0295545,0.0098515,0.0295545,0.0098515
77,139.252,0.39705,0.51611,0.62447,0.93783,0,0.77399,0.81136,0.80336,0.78674,0.77399,0.81136,0.80336,0.76455,0.25643,0.82824,1.1972,0.83689,0,0.0295486,0.00984952,0.0295486,0.00984952,0.0295486,0.00984952,0.0295486,0.00984952
78,141.2,0.42457,0.79297,0.67025,0.94222,0,0.76022,0.92857,0.87586,0.83876,0.76022,0.92857,0.87586,0.86165,0.24143,0.31088,0.84281,0.80918,0,0.0295426,0.00984754,0.0295426,0.00984754,0.0295426,0.00984754,0.0295426,0.00984754
79,142.864,0.37851,0.62907,0.62951,0.9304,0,0.83895,0.90367,0.91787,0.88837,0.83895,0.90367,0.91787,0.90688,0.24512,0.36175,0.65409,0.8152,0,0.0295367,0.00984556,0.0295367,0.00984556,0.0295367,0.00984556,0.0295367,0.00984556
80,144.686,0.39873,0.60905,0.66649,0.92747,0,0.83441,0.8483,0.89266,0.87236,0.83441,0.8483,0.89266,0.89266,0.25056,0.43213,0.70869,0.82246,0,0.0295307,0.00984358,0.0295307,0.00984358,0.0295307,0.00984358,0.0295307,0.00984358
81,146.353,0.40353,0.58306,0.57181,0.93495,0,0.79847,0.82503,0.85088,0.84467,0.79847,0.82503,0.85088,0.85088,0.23995,0.21076,0.85175,0.81634,0,0.0295248,0.0098416,0.0295248,0.0098416,0.0295248,0.0098416,0.0295248,0.0098416
82,148.161,0.38782,0.50903,0.63805,0.93784,0,0.78187,0.81481,0.89996,0.89996,0.78187,0.81481,0.89996,0.89996,0.20345,0.32441,0.69564,0.80805,0,0.0295189,0.00983962,0.0295189,0.00983962,0.0295189,0.00983962,0.0295189,0.00983962
83,149.816,0.38288,0.61202,0.59572,0.93981,0,0.87232,0.85165,0.93575,0.92549,0.87232,0.85165,0.93575,0.92779,0.21534,0.53715,0.58681,0.81247,0,0.0295129,0.00983764,0.0295129,0.00983764,0.0295129,0.00983764,0.0295129,0.00983764
84,151.639,0.41836,0.46894,0.60391,0.95776,0,0.74171,0.71033,0.82857,0.82311,0.74171,0.71033,0.82857,0.78506,0.2419,0.93708,1.08056,0.82543,0,0.029507,0.00983566,0.029507,0.00983566,0.029507,0.00983566,0.029507,0.00983566
85,153.287,0.41096,0.58379,0.63612,0.93097,0,0.86411,0.79341,0.89448,0.8855,0.86411,0.79341,0.89448,0.89448,0.23414,0.28836,0.69098,0.82272,0,0.029501,0.00983368,0.029501,0.00983368,0.029501,0.00983368,0.029501,0.00983368
86,155.093,0.38459,0.55328,0.55998,0.93245,0,0.7761,0.8249,0.83177,0.77976,0.7761,0.8249,0.83177,0.81574,0.30195,0.23268,0.92722,0.83739,0,0.0294951,0.0098317,0.0294951,0.0098317,0.0294951,0.0098317,0.0294951,0.0098317
87,156.743,0.40885,0.66534,0.58328,0.93972,0,0.81474,0.85764,0.84459,0.83669,0.81474,0.85764,0.84459,0.84308,0.27417,0.18507,0.94645,0.83961,0,0.0294892,0.00982972,0.0294892,0.00982972,0.0294892,0.00982972,0.0294892,0.00982972
88,158.678,0.38178,0.59421,0.49784,0.92728,0,0.68481,0.8587,0.84848,0.83507,0.68481,0.8587,0.84848,0.80997,0.29933,0.33316,0.84661,0.85548,0,0.0294832,0.00982774,0.0294832,0.00982774,0.0294832,0.00982774,0.0294832,0.00982774
89,160.339,0.40729,0.5707,0.63294,0.95579,0,0.77029,0.79129,0.85213,0.83,0.77029,0.79129,0.85213,0.83674,0.2803,0.21216,0.89023,0.83907,0,0.0294773,0.00982576,0.0294773,0.00982576,0.0294773,0.00982576,0.0294773,0.00982576
90,162.149,0.37414,0.57662,0.57749,0.93352,0,0.8188,0.85451,0.89581,0.88671,0.8188,0.85451,0.89581,0.89429,0.24721,0.30796,0.74438,0.83261,0,0.0294713,0.00982378,0.0294713,0.00982378,0.0294713,0.00982378,0.0294713,0.00982378
91,163.798,0.395,0.64544,0.60109,0.92365,0,0.79858,0.78139,0.82156,0.81292,0.79858,0.78139,0.82156,0.81359,0.22996,0.22646,0.90548,0.81303,0,0.0294654,0.0098218,0.0294654,0.0098218,0.0294654,0.0098218,0.0294654,0.0098218
92,165.609,0.36585,0.64962,0.57408,0.93679,0,0.74722,0.73579,0.8922,0.88992,0.74722,0.73579,0.8922,0.8922,0.22643,0.16517,0.91769,0.81509,0,0.0294595,0.00981982,0.0294595,0.00981982,0.0294595,0.00981982,0.0294595,0.00981982
93,167.254,0.37031,0.55922,0.65568,0.93564,0,0.70505,0.77141,0.84045,0.82363,0.70505,0.77141,0.84045,0.75605,0.25926,1.4491,1.0042,0.83458,0,0.0294535,0.00981784,0.0294535,0.00981784,0.0294535,0.00981784,0.0294535,0.00981784
94,169.052,0.40165,0.59466,0.57459,0.92557,0,0.80498,0.81344,0.91983,0.91569,0.80498,0.81344,0.91983,0.91983,0.21266,0.17185,0.62166,0.81783,0,0.0294476,0.00981586,0.0294476,0.00981586,0.0294476,0.00981586,0.0294476,0.00981586
95,170.705,0.38783,0.50368,0.59126,0.94287,0,0.76304,0.83366,0.90565,0.89937,0.76304,0.83366,0.90565,0.90447,0.21744,0.24174,0.67037,0.82678,0,0.0294416,0.00981388,0.0294416,0.00981388,0.0294416,0.00981388,0.0294416,0.00981388
96,172.507,0.35579,0.53819,0.62629,0.92722,0,0.77653,0.74863,0.90033,0.89573,0.77653,0.74863,0.90033,0.87497,0.22627,0.86864,0.69432,0.82744,0,0.0294357,0.0098119,0.0294357,0.0098119,0.0294357,0.0098119,0.0294357,0.0098119
97,174.292,0.38927,0.54692,0.58926,0.93468,0,0.58857,0.99531,0.92331,0.90102,0.58857,0.99531,0.92331,0.92331,0.23496,0.3494,0.71535,0.83063,0,0.0294298,0.00980992,0.0294298,0.00980992,0.0294298,0.00980992,0.0294298,0.00980992
98,176.107,0.39455,0.4841,0.5472,0.93127,0,0.86243,0.81642,0.90436,0.8971,0.86243,0.81642,0.90436,0.89804,0.24333,0.28737,0.66031,0.81855,0,0.0294238,0.00980794,0.0294238,0.00980794,0.0294238,0.00980794,0.0294238,0.00980794
99,177.756,0.38958,0.53712,0.58948,0.93586,0,0.84881,0.80415,0.87179,0.84594,0.84881,0.80415,0.87179,0.86564,0.23325,0.27986,0.77357,0.82329,0,0.0294179,0.00980596,0.0294179,0.00980596,0.0294179,0.00980596,0.0294179,0.00980596
100,179.575,0.38156,0.45309,0.58289,0.92385,0,0.83627,0.73936,0.84642,0.83738,0.83627,0.73936,0.84642,0.84178,0.22156,0.26012,0.98168,0.82696,0,0.0294119,0.00980398,0.0294119,0.00980398,0.0294119,0.00980398,0.0294119,0.00980398
101,181.214,0.40478,0.46935,0.57683,0.91407,0,0.82894,0.82835,0.84687,0.8273,0.82894,0.82835,0.84687,0.84393,0.23544,0.25383,1.04523,0.81933,0,0.029406,0.009802,0.029406,0.009802,0.029406,0.009802,0.029406,0.009802
102,183.033,0.3837,0.52903,0.53022,0.91942,0,0.81192,0.78606,0.87696,0.85772,0.81192,0.78606,0.87696,0.87479,0.2221,0.17734,0.77558,0.83212,0,0.0294001,0.00980002,0.0294001,0.00980002,0.0294001,0.00980002,0.0294001,0.00980002
103,184.685,0.32839,0.60115,0.59187,0.91528,0,0.69881,0.6996,0.77559,0.76234,0.69881,0.6996,0.77559,0.69058,0.29477,2.02083,1.52449,0.86463,0,0.0293941,0.00979804,0.0293941,0.00979804,0.0293941,0.00979804,0.0293941,0.00979804
104,186.479,0.36915,0.65423,0.55034,0.92362,0,0.70519,0.72976,0.79818,0.77489,0.70519,0.72976,0.79818,0.79752,0.28994,0.16197,1.09909,0.86362,0,0.0293882,0.00979606,0.0293882,0.00979606,0.0293882,0.00979606,0.0293882,0.00979606
105,188.125,0.40411,0.63048,0.5778,0.92482,0,0.67472,0.6685,0.73213,0.70228,0.67472,0.6685,0.73213,0.73135,0.29698,0.19137,1.46886,0.8759,0,0.0293822,0.00979408,0.0293822,0.00979408,0.0293822,0.00979408,0.0293822,0.00979408
106,190.041,0.35761,0.56521,0.53978,0.91572,0,0.72829,0.60271,0.76138,0.73842,0.72829,0.60271,0.76138,0.75754,0.26564,0.24086,1.33091,0.89493,0,0.0293763,0.0097921,0.0293763,0.0097921,0.0293763,0.0097921,0.0293763,0.0097921
107,191.704,0.35988,0.48337,0.51507,0.93131,0,0.76433,0.74826,0.83082,0.82053,0.76433,0.74826,0.83082,0.82968,0.24279,0.15639,0.92345,0.82579,0,0.0293704,0.00979012,0.0293704,0.00979012,0.0293704,0.00979012,0.0293704,0.00979012
108,193.511,0.36295,0.66617,0.56424,0.90421,0,0.85323,0.72201,0.88563,0.87251,0.85323,0.72201,0.88563,0.88134,0.20249,0.1525,0.70562,0.81217,0,0.0293644,0.00978814,0.0293644,0.00978814,0.0293644,0.00978814,0.0293644,0.00978814
109,195.164,0.34387,0.49683,0.51211,0.92216,0,0.80253,0.70941,0.84483,0.82916,0.80253,0.70941,0.84483,0.84483,0.23558,0.17789,0.91451,0.8155,0,0.0293585,0.00978616,0.0293585,0.00978616,0.0293585,0.00978616,0.0293585,0.00978616
110,196.979,0.35942,0.53897,0.57818,0.92896,0,0.72053,0.60833,0.82991,0.8223,0.72053,0.60833,0.82991,0.82991,0.22067,0.19031,1.06997,0.81113,0,0.0293525,0.00978418,0.0293525,0.00978418,0.0293525,0.00978418,0.0293525,0.00978418
111,198.621,0.37149,0.57172,0.54225,0.91061,0,0.63876,0.80523,0.83514,0.81889,0.63876,0.80523,0.83514,0.83514,0.22296,0.14982,1.02407,0.82516,0,0.0293466,0.0097822,0.0293466,0.0097822,0.0293466,0.0097822,0.0293466,0.0097822
112,200.425,0.36567,0.52239,0.52544,0.92279,0,0.80172,0.6584,0.84879,0.82515,0.80172,0.6584,0.84879,0.84879,0.22118,0.17785,0.87074,0.83049,0,0.0293407,0.00978022,0.0293407,0.00978022,0.0293407,0.00978022,0.0293407,0.00978022
113,202.07,0.36201,0.48947,0.50775,0.91156,0,0.79744,0.77491,0.87842,0.85803,0.79744,0.77491,0.87842,0.87607,0.20273,0.14805,0.74247,0.82338,0,0.0293347,0.00977824,0.0293347,0.00977824,0.0293347,0.00977824,0.0293347,0.00977824
114,204.012,0.35922,0.52895,0.57973,0.92537,0,0.81289,0.77558,0.85603,0.84458,0.77988,0.75772,0.83086,0.83086,0.2078,0.42007,0.83235,0.80991,0,0.0293288,0.00977626,0.0293288,0.00977626,0.0293288,0.00977626,0.0293288,0.00977626
115,205.667,0.35799,0.58262,0.46657,0.91458,0,0.75606,0.80966,0.83319,0.82039,0.7223,0.7918,0.80859,0.80727,0.23724,0.42745,0.80028,0.81433,0,0.0293228,0.00977428,0.0293228,0.00977428,0.0293228,0.00977428,0.0293228,0.00977428
116,207.475,0.35485,0.74191,0.53853,0.92581,0,0.78846,0.84772,0.87326,0.85671,0.78846,0.84772,0.87326,0.87326,0.23365,0.19617,0.92498,0.82816,0,0.0293169,0.0097723,0.0293169,0.0097723,0.0293169,0.0097723,0.0293169,0.0097723
117,209.103,0.31189,0.78337,0.49124,0.92097,0,0.83065,0.81784,0.89403,0.87626,0.83065,0.81784,0.89403,0.89119,0.21666,0.19919,0.72815,0.81833,0,0.029311,0.00977032,0.029311,0.00977032,0.029311,0.00977032,0.029311,0.00977032
118,210.912,0.34764,0.57955,0.54781,0.91655,0,0.86481,0.79911,0.90304,0.89739,0.86481,0.79911,0.90304,0.90304,0.22771,0.22865,0.61729,0.81612,0,0.029305,0.00976834,0.029305,0.00976834,0.029305,0.00976834,0.029305,0.00976834
119,212.563,0.38396,0.5522,0.50591,0.90747,0,0.75903,0.79488,0.85559,0.83327,0.75903,0.79488,0.85559,0.8509,0.25319,0.21945,0.74086,0.82431,0,0.0292991,0.00976636,0.0292991,0.00976636,0.0292991,0.00976636,0.0292991,0.00976636
120,214.388,0.35209,0.57297,0.49786,0.91413,0,0.78529,0.75559,0.83561,0.8159,0.78529,0.75559,0.83561,0.79774,0.22442,0.33574,0.9315,0.83202,0,0.0292931,0.00976438,0.0292931,0.00976438,0.0292931,0.00976438,0.0292931,0.00976438
121,216.052,0.34589,0.56469,0.53706,0.92732,0,0.68759,0.85811,0.79092,0.76419,0.68759,0.85811,0.79092,0.742,0.25792,0.45179,1.10147,0.84017,0,0.0292872,0.0097624,0.0292872,0.0097624,0.0292872,0.0097624,0.0292872,0.0097624
122,217.889,0.32993,0.5266,0.51612,0.90018,0,0.75042,0.76874,0.8256,0.82158,0.75042,0.76874,0.8256,0.8256,0.20012,0.25176,0.82135,0.81051,0,0.0292813,0.00976042,0.0292813,0.00976042,0.0292813,0.00976042,0.0292813,0.00976042
123,219.668,0.36963,0.39705,0.4607,0.92869,0,0.70663,0.7513,0.80884,0.79177,0.70663,0.7513,0.80884,0.80557,0.21,0.30794,0.94341,0.80809,0,0.0292753,0.00975844,0.0292753,0.00975844,0.0292753,0.00975844,0.0292753,0.00975844
124,221.496,0.33877,0.41231,0.46464,0.9204,0,0.78609,0.82688,0.89121,0.88259,0.78609,0.82688,0.89121,0.89121,0.19484,0.18987,0.76925,0.81598,0,0.0292694,0.00975646,0.0292694,0.00975646,0.0292694,0.00975646,0.0292694,0.00975646
125,223.148,0.3249,0.44497,0.44203,0.90959,0,0.7933,0.84485,0.8637,0.84813,0.7933,0.84485,0.8637,0.86023,0.17902,0.29063,0.73701,0.80512,0,0.0292634,0.00975448,0.0292634,0.00975448,0.0292634,0.00975448,0.0292634,0.00975448
126,224.958,0.37089,0.409,0.55502,0.93067,0,0.82828,0.76211,0.88726,0.87878,0.82828,0.76211,0.88726,0.88726,0.19007,0.19368,0.8293,0.80557,0,0.0292575,0.0097525,0.0292575,0.0097525,0.0292575,0.0097525,0.0292575,0.0097525
127,226.602,0.33348,0.69472,0.48607,0.90928,0,0.78676,0.87945,0.92722,0.91505,0.78676,0.87945,0.92722,0.92722,0.18381,0.15901,0.55106,0.8021,0,0.0292516,0.00975052,0.0292516,0.00975052,0.0292516,0.00975052,0.0292516,0.00975052
128,228.418,0.33136,0.65652,0.52274,0.89794,0,0.76334,0.86741,0.91093,0.90968,0.76334,0.86741,0.91093,0.91031,0.19308,0.18345,0.69516,0.80175,0,0.0292456,0.00974854,0.0292456,0.00974854,0.0292456,0.00974854,0.0292456,0.00974854
129,230.067,0.35702,0.71279,0.50662,0.91747,0,0.78051,0.82327,0.8862,0.88401,0.78051,0.82327,0.8862,0.88535,0.18788,0.29212,0.93873,0.80422,0,0.0292397,0.00974656,0.0292397,0.00974656,0.0292397,0.00974656,0.0292397,0.00974656
130,231.861,0.33685,0.45741,0.45632,0.90503,0,0.84706,0.81151,0.87638,0.87638,0.84706,0.81151,0.87638,0.87638,0.19452,0.1955,0.7125,0.79746,0,0.0292337,0.00974458,0.0292337,0.00974458,0.0292337,0.00974458,0.0292337,0.00974458
131,233.51,0.35327,0.50893,0.5354,0.91136,0,0.85711,0.8389,0.88845,0.88845,0.85711,0.8389,0.88845,0.88845,0.197,0.23933,0.69681,0.80097,0,0.0292278,0.0097426,0.0292278,0.0097426,0.0292278,0.0097426,0.0292278,0.0097426
132,235.436,0.36128,0.50408,0.51886,0.92,0,0.68014,0.66154,0.82561,0.81655,0.68014,0.66154,0.82561,0.80436,0.22839,0.79717,0.96753,0.82345,0,0.0292219,0.00974062,0.0292219,0.00974062,0.0292219,0.00974062,0.0292219,0.00974062
133,237.086,0.36629,0.44512,0.55258,0.91945,0,0.82382,0.87436,0.93158,0.92911,0.82382,0.87436,0.93158,0.93158,0.21424,0.21122,0.59036,0.80614,0,0.0292159,0.00973864,0.0292159,0.00973864,0.0292159,0.00973864,0.0292159,0.00973864
134,238.913,0.37619,0.47267,0.54342,0.92349,0,0.7386,0.88826,0.89096,0.88362,0.7386,0.88826,0.89096,0.87106,0.21028,0.24904,0.68183,0.81036,0,0.02921,0.00973666,0.02921,0.00973666,0.02921,0.00973666,0.02921,0.00973666
135,240.566,0.33987,0.55676,0.49662,0.91608,0,0.76759,0.85119,0.82726,0.82212,0.76759,0.85119,0.82726,0.82726,0.19065,0.20678,0.71819,0.80236,0,0.029204,0.00973468,0.029204,0.00973468,0.029204,0.00973468,0.029204,0.00973468
136,242.371,0.30566,0.49891,0.47479,0.90043,0,0.66439,0.89973,0.8173,0.80446,0.66439,0.89973,0.8173,0.80814,0.21181,0.24916,0.73257,0.81672,0,0.0291981,0.0097327,0.0291981,0.0097327,0.0291981,0.0097327,0.0291981,0.0097327
137,244.017,0.31794,0.48386,0.46263,0.90543,0,0.81653,0.83052,0.86454,0.86268,0.81653,0.83052,0.86454,0.86454,0.21214,0.19571,0.77151,0.81615,0,0.0291922,0.00973072,0.0291922,0.00973072,0.0291922,0.00973072,0.0291922,0.00973072
138,245.841,0.37961,0.48275,0.51257,0.92838,0,0.78471,0.78102,0.8365,0.81868,0.78471,0.78102,0.8365,0.83307,0.21486,0.15976,0.86251,0.82618,0,0.0291862,0.00972874,0.0291862,0.00972874,0.0291862,0.00972874,0.0291862,0.00972874
139,247.491,0.3308,0.45868,0.48328,0.9122,0,0.8077,0.73391,0.84355,0.82814,0.8077,0.73391,0.84355,0.84011,0.22896,0.16547,0.98107,0.82728,0,0.0291803,0.00972676,0.0291803,0.00972676,0.0291803,0.00972676,0.0291803,0.00972676
140,249.317,0.34898,0.4355,0.50114,0.90626,0,0.87258,0.72851,0.86145,0.84159,0.87258,0.72851,0.86145,0.85947,0.19692,0.17845,0.80933,0.82005,0,0.0291743,0.00972478,0.0291743,0.00972478,0.0291743,0.00972478,0.0291743,0.00972478
141,251.078,0.35262,0.49053,0.49866,0.91713,0,0.66652,0.82781,0.85376,0.83539,0.66652,0.82781,0.85376,0.77266,0.27131,1.81575,1.13387,0.85953,0,0.0291684,0.0097228,0.0291684,0.0097228,0.0291684,0.0097228,0.0291684,0.0097228
142,252.878,0.35817,0.41319,0.46179,0.91859,0,0.65398,0.80415,0.88316,0.86564,0.65398,0.80415,0.88316,0.8543,0.22023,0.92184,1.19991,0.82691,0,0.0291625,0.00972082,0.0291625,0.00972082,0.0291625,0.00972082,0.0291625,0.00972082
143,254.534,0.34569,0.65682,0.49756,0.91156,0,0.6896,0.79418,0.83944,0.83944,0.6896,0.79418,0.83944,0.83693,0.16679,0.21092,1.20252,0.79758,0,0.0291565,0.00971884,0.0291565,0.00971884,0.0291565,0.00971884,0.0291565,0.00971884
144,256.334,0.32252,0.47103,0.43101,0.90657,0,0.58924,0.856,0.87969,0.87216,0.58924,0.856,0.87969,0.87258,0.19233,0.25847,1.13836,0.80712,0,0.0291506,0.00971686,0.0291506,0.00971686,0.0291506,0.00971686,0.0291506,0.00971686
145,257.989,0.35713,0.42758,0.48985,0.91144,0,0.85296,0.72206,0.88486,0.88404,0.85296,0.72206,0.88486,0.88251,0.18446,0.22326,0.83178,0.79966,0,0.0291446,0.00971488,0.0291446,0.00971488,0.0291446,0.00971488,0.0291446,0.00971488
146,259.802,0.3577,0.4313,0.40316,0.9161,0,0.88264,0.68598,0.92328,0.92328,0.88264,0.68598,0.92328,0.92024,0.17853,0.18357,0.74847,0.80524,0,0.0291387,0.0097129,0.0291387,0.0097129,0.0291387,0.0097129,0.0291387,0.0097129
147,261.443,0.33103,0.59611,0.47999,0.91576,0,0.84405,0.80693,0.93168,0.923,0.84405,0.80693,0.93168,0.93168,0.18458,0.16697,0.65861,0.81154,0,0.0291328,0.00971092,0.0291328,0.00971092,0.0291328,0.00971092,0.0291328,0.00971092
148,263.254,0.32383,0.50654,0.48416,0.90071,0,0.89896,0.83734,0.9449,0.93957,0.89896,0.83734,0.9449,0.9449,0.18037,0.16451,0.4587,0.79362,0,0.0291268,0.00970894,0.0291268,0.00970894,0.0291268,0.00970894,0.0291268,0.00970894
149,264.9,0.32719,0.40571,0.43481,0.896,0,0.74425,0.90452,0.92982,0.92781,0.74425,0.90452,0.92982,0.92982,0.18,0.18189,0.49237,0.79017,0,0.0291209,0.00970696,0.0291209,0.00970696,0.0291209,0.00970696,0.0291209,0.00970696
150,266.832,0.3154,0.60991,0.47355,0.89207,0,0.92996,0.77659,0.90467,0.90388,0.92996,0.77659,0.90467,0.89907,0.2097,0.24936,0.69013,0.80029,0,0.0291149,0.00970498,0.0291149,0.00970498,0.0291149,0.00970498,0.0291149,0.00970498
151,268.494,0.35257,0.39896,0.48497,0.9304,0,0.85666,0.81379,0.93053,0.91447,0.85666,0.81379,0.93053,0.93053,0.18597,0.19246,0.75122,0.7969,0,0.029109,0.009703,0.029109,0.009703,0.029109,0.009703,0.029109,0.009703
152,270.303,0.30899,0.54741,0.43411,0.90571,0,0.86815,0.83405,0.9132,0.9113,0.86815,0.83405,0.89828,0.89828,0.20671,0.29013,0.53643,0.80709,0,0.0291031,0.00970102,0.0291031,0.00970102,0.0291031,0.00970102,0.0291031,0.00970102
153,271.957,0.32063,0.45759,0.43035,0.90107,0,0.88073,0.84207,0.9002,0.88385,0.88073,0.84207,0.9002,0.9002,0.20079,0.37043,0.76928,0.80857,0,0.0290971,0.00969904,0.0290971,0.00969904,0.0290971,0.00969904,0.0290971,0.00969904
154,273.783,0.32206,0.38008,0.43783,0.91215,0,0.82558,0.82098,0.88419,0.87901,0.82558,0.82098,0.88419,0.86922,0.20581,0.29183,0.76681,0.81682,0,0.0290912,0.00969706,0.0290912,0.00969706,0.0290912,0.00969706,0.0290912,0.00969706
155,275.427,0.33741,0.50231,0.46904,0.91993,0,0.86428,0.78995,0.88359,0.87524,0.86428,0.78995,0.88359,0.88291,0.2084,0.24467,0.7486,0.82838,0,0.0290852,0.00969508,0.0290852,0.00969508,0.0290852,0.00969508,0.0290852,0.00969508
156,277.24,0.32336,0.49992,0.4781,0.89925,0,0.90541,0.77959,0.88152,0.87706,0.90541,0.77959,0.88152,0.86731,0.20784,0.31918,0.69246,0.82219,0,0.0290793,0.0096931,0.0290793,0.0096931,0.0290793,0.0096931,0.0290793,0.0096931
157,278.885,0.31126,0.42593,0.41123,0.89367,0,0.808,0.85135,0.86139,0.85534,0.808,0.85135,0.86139,0.85821,0.20144,0.25376,0.73611,0.82495,0,0.0290734,0.00969112,0.0290734,0.00969112,0.0290734,0.00969112,0.0290734,0.00969112
158,280.683,0.32238,0.44997,0.45961,0.90212,0,0.87048,0.78519,0.90017,0.88392,0.87048,0.78519,0.90017,0.89837,0.20319,0.23355,0.73333,0.8113,0,0.0290674,0.00968914,0.0290674,0.00968914,0.0290674,0.00968914,0.0290674,0.00968914
159,282.455,0.31215,0.54355,0.40981,0.91122,0,0.78222,0.81674,0.88193,0.87074,0.78222,0.81674,0.88193,0.8762,0.20872,0.29108,0.80023,0.80988,0,0.0290615,0.00968716,0.0290615,0.00968716,0.0290615,0.00968716,0.0290615,0.00968716
160,284.285,0.32964,0.44809,0.47706,0.91777,0,0.82459,0.73991,0.87315,0.86413,0.82459,0.73991,0.87315,0.83008,0.19526,0.98765,0.90524,0.81342,0,0.0290555,0.00968518,0.0290555,0.00968518,0.0290555,0.00968518,0.0290555,0.00968518
161,285.941,0.32862,0.45346,0.43754,0.89394,0,0.76195,0.70133,0.81003,0.80666,0.76195,0.70133,0.81003,0.80584,0.19297,0.2044,0.92877,0.81024,0,0.0290496,0.0096832,0.0290496,0.0096832,0.0290496,0.0096832,0.0290496,0.0096832
162,287.752,0.31595,0.5246,0.4138,0.91854,0,0.85094,0.74524,0.83249,0.83057,0.85094,0.74524,0.83249,0.82907,0.22212,0.25212,0.89302,0.81157,0,0.0290437,0.00968122,0.0290437,0.00968122,0.0290437,0.00968122,0.0290437,0.00968122
163,289.403,0.36007,0.45021,0.44631,0.92464,0,0.8795,0.80587,0.86696,0.8659,0.8795,0.80587,0.86696,0.86276,0.18629,0.19697,0.71868,0.79794,0,0.0290377,0.00967924,0.0290377,0.00967924,0.0290377,0.00967924,0.0290377,0.00967924
164,291.221,0.30988,0.4721,0.43368,0.90411,0,0.80285,0.75551,0.81999,0.81999,0.80285,0.75551,0.81999,0.81999,0.16883,0.18491,0.90717,0.79551,0,0.0290318,0.00967726,0.0290318,0.00967726,0.0290318,0.00967726,0.0290318,0.00967726
165,292.858,0.29762,0.4594,0.4239,0.89617,0,0.82064,0.79084,0.84067,0.83458,0.82064,0.79084,0.84067,0.84067,0.18059,0.17914,0.9555,0.8038,0,0.0290258,0.00967528,0.0290258,0.00967528,0.0290258,0.00967528,0.0290258,0.00967528
166,294.678,0.35335,0.49816,0.4281,0.91461,0,0.80499,0.88387,0.85456,0.84607,0.80499,0.88387,0.85456,0.85244,0.20782,0.1718,0.83628,0.81848,0,0.0290199,0.0096733,0.0290199,0.0096733,0.0290199,0.0096733,0.0290199,0.0096733
167,296.33,0.32809,0.54684,0.43787,0.90923,0,0.81049,0.81608,0.89999,0.87102,0.81049,0.81608,0.89999,0.89568,0.22879,0.16501,0.83386,0.81766,0,0.029014,0.00967132,0.029014,0.00967132,0.029014,0.00967132,0.029014,0.00967132
168,298.271,0.34066,0.42898,0.46085,0.92217,0,0.85985,0.8065,0.93071,0.9008,0.85985,0.8065,0.93071,0.92872,0.23964,0.17357,0.65379,0.82148,0,0.029008,0.00966934,0.029008,0.00966934,0.029008,0.00966934,0.029008,0.00966934
169,299.914,0.34693,0.44181,0.4685,0.91223,0,0.70925,0.89491,0.93198,0.91321,0.70925,0.89491,0.93198,0.9268,0.24362,0.17475,0.80554,0.8272,0,0.0290021,0.00966736,0.0290021,0.00966736,0.0290021,0.00966736,0.0290021,0.00966736
170,301.736,0.32634,0.44711,0.48493,0.92944,0,0.89628,0.84841,0.9253,0.90422,0.89628,0.84841,0.9253,0.9253,0.22664,0.21157,0.51717,0.8382,0,0.0289961,0.00966538,0.0289961,0.00966538,0.0289961,0.00966538,0.0289961,0.00966538
171,303.389,0.32147,0.42327,0.40993,0.91123,0,0.67487,0.96429,0.94271,0.92414,0.67487,0.96429,0.94271,0.94271,0.22915,0.19398,0.53755,0.85145,0,0.0289902,0.0096634,0.0289902,0.0096634,0.0289902,0.0096634,0.0289902,0.0096634
172,305.206,0.33523,0.36291,0.40069,0.89929,0,0.74804,0.91057,0.84515,0.83991,0.74804,0.91057,0.84515,0.84515,0.17813,0.15963,0.57945,0.79762,0,0.0289843,0.00966142,0.0289843,0.00966142,0.0289843,0.00966142,0.0289843,0.00966142
173,306.853,0.31459,0.62566,0.46006,0.89227,0,0.8185,0.83798,0.9715,0.96708,0.8185,0.83798,0.9715,0.96966,0.17485,0.1579,0.54021,0.79943,0,0.0289783,0.00965944,0.0289783,0.00965944,0.0289783,0.00965944,0.0289783,0.00965944
174,308.67,0.32941,0.50898,0.41723,0.90799,0,0.8252,0.85742,0.96434,0.96281,0.8252,0.85742,0.96434,0.96434,0.16305,0.15895,0.63534,0.79632,0,0.0289724,0.00965746,0.0289724,0.00965746,0.0289724,0.00965746,0.0289724,0.00965746
175,310.322,0.31718,0.57625,0.41649,0.90289,0,0.86663,0.85272,0.97179,0.96274,0.86663,0.85272,0.97179,0.96726,0.18837,0.18621,0.58735,0.809,0,0.0289664,0.00965548,0.0289664,0.00965548,0.0289664,0.00965548,0.0289664,0.00965548
176,312.129,0.30849,0.4105,0.41986,0.90481,0,0.89369,0.83582,0.94578,0.9432,0.89369,0.83582,0.94578,0.94381,0.17307,0.24369,0.44946,0.81021,0,0.0289605,0.0096535,0.0289605,0.0096535,0.0289605,0.0096535,0.0289605,0.0096535
177,313.789,0.30399,0.48495,0.40953,0.90233,0,0.85087,0.88753,0.95386,0.94732,0.85087,0.88753,0.95386,0.95169,0.18233,0.24856,0.40335,0.81114,0,0.0289546,0.00965152,0.0289546,0.00965152,0.0289546,0.00965152,0.0289546,0.00965152
178,315.702,0.32886,0.4273,0.42992,0.88771,0,0.74019,0.91943,0.90311,0.88889,0.74019,0.91943,0.90311,0.90311,0.18462,0.16727,0.63437,0.80278,0,0.0289486,0.00964954,0.0289486,0.00964954,0.0289486,0.00964954,0.0289486,0.00964954
179,317.353,0.33918,0.50024,0.4425,0.91538,0,0.72149,0.87073,0.91353,0.86752,0.72149,0.87073,0.91353,0.89723,0.18196,0.18177,0.67733,0.80055,0,0.0289427,0.00964756,0.0289427,0.00964756,0.0289427,0.00964756,0.0289427,0.00964756
180,319.172,0.32933,0.52641,0.38719,0.9123,0,0.86586,0.80437,0.88456,0.86855,0.86586,0.80437,0.88456,0.87885,0.17438,0.26151,0.68878,0.79782,0,0.0289367,0.00964558,0.0289367,0.00964558,0.0289367,0.00964558,0.0289367,0.00964558
181,320.832,0.3027,0.49082,0.38888,0.9133,0,0.70099,0.80989,0.83998,0.82121,0.70099,0.80989,0.83998,0.83998,0.17679,0.17344,0.88217,0.79641,0,0.0289308,0.0096436,0.0289308,0.0096436,0.0289308,0.0096436,0.0289308,0.0096436
182,322.642,0.31926,0.42004,0.39722,0.88868,0,0.79916,0.86662,0.87675,0.86253,0.79916,0.86662,0.87675,0.87675,0.17973,0.16442,0.8078,0.80279,0,0.0289249,0.00964162,0.0289249,0.00964162,0.0289249,0.00964162,0.0289249,0.00964162
183,324.292,0.31614,0.44416,0.3943,0.895,0,0.79845,0.88869,0.89941,0.8852,0.79845,0.88869,0.89941,0.89941,0.17042,0.14752,0.6817,0.80128,0,0.0289189,0.00963964,0.0289189,0.00963964,0.0289189,0.00963964,0.0289189,0.00963964
184,326.092,0.33462,0.44191,0.4167,0.88749,0,0.86517,0.84048,0.9191,0.91584,0.86517,0.84048,0.9191,0.9191,0.16783,0.20333,0.55658,0.79967,0,0.028913,0.00963766,0.028913,0.00963766,0.028913,0.00963766,0.028913,0.00963766
185,327.748,0.30406,0.49238,0.42162,0.89326,0,0.80527,0.89522,0.91757,0.91457,0.80527,0.89522,0.91757,0.91457,0.18907,0.2568,0.66831,0.79748,0,0.028907,0.00963568,0.028907,0.00963568,0.028907,0.00963568,0.028907,0.00963568
186,329.558,0.31211,0.5555,0.41228,0.90091,0,0.81467,0.86496,0.89055,0.85033,0.81467,0.86496,0.89055,0.8817,0.19009,0.25882,0.75094,0.79681,0,0.0289011,0.0096337,0.0289011,0.0096337,0.0289011,0.0096337,0.0289011,0.0096337
187,331.322,0.31527,0.50877,0.3986,0.91218,0,0.82215,0.79603,0.85099,0.8174,0.82215,0.79603,0.85099,0.83632,0.22764,0.22926,0.93577,0.8035,0,0.0288952,0.00963172,0.0288952,0.00963172,0.0288952,0.00963172,0.0288952,0.00963172
188,333.15,0.33242,0.37644,0.4028,0.90597,0,0.82747,0.77826,0.87219,0.84151,0.82747,0.77826,0.87219,0.86483,0.17245,0.16615,0.93318,0.78705,0,0.0288892,0.00962974,0.0288892,0.00962974,0.0288892,0.00962974,0.0288892,0.00962974
189,334.808,0.32022,0.41933,0.42958,0.90507,0,0.7925,0.83063,0.89434,0.88357,0.7925,0.83063,0.89434,0.89025,0.15525,0.1596,0.89634,0.78516,0,0.0288833,0.00962776,0.0288833,0.00962776,0.0288833,0.00962776,0.0288833,0.00962776
190,336.618,0.31981,0.49793,0.44169,0.93343,0,0.75158,0.80105,0.91311,0.8989,0.75158,0.80105,0.91311,0.90709,0.19098,0.22914,0.79056,0.80771,0,0.0288773,0.00962578,0.0288773,0.00962578,0.0288773,0.00962578,0.0288773,0.00962578
191,338.282,0.30838,0.52205,0.38501,0.8975,0,0.87866,0.79272,0.9298,0.92768,0.87866,0.79272,0.9298,0.92093,0.17632,0.22231,0.6821,0.79704,0,0.0288714,0.0096238,0.0288714,0.0096238,0.0288714,0.0096238,0.0288714,0.0096238
192,340.093,0.31484,0.43018,0.37271,0.8877,0,0.78624,0.82144,0.8535,0.84379,0.78624,0.82144,0.8535,0.85176,0.21009,0.1513,0.96411,0.80983,0,0.0288655,0.00962182,0.0288655,0.00962182,0.0288655,0.00962182,0.0288655,0.00962182
193,341.749,0.31792,0.44361,0.38403,0.90528,0,0.87556,0.80398,0.86079,0.84175,0.87556,0.80398,0.86079,0.85976,0.2205,0.1697,0.80526,0.81273,0,0.0288595,0.00961984,0.0288595,0.00961984,0.0288595,0.00961984,0.0288595,0.00961984
194,343.571,0.31642,0.47299,0.38623,0.88244,0,0.79236,0.82598,0.89043,0.86965,0.79236,0.82598,0.89043,0.88883,0.23015,0.15583,0.65345,0.82576,0,0.0288536,0.00961786,0.0288536,0.00961786,0.0288536,0.00961786,0.0288536,0.00961786
195,345.237,0.31604,0.38195,0.35625,0.90285,0,0.6444,0.79305,0.79798,0.77443,0.6444,0.79305,0.79798,0.78854,0.26003,0.18515,1.00405,0.83105,0,0.0288476,0.00961588,0.0288476,0.00961588,0.0288476,0.00961588,0.0288476,0.00961588
196,347.164,0.33505,0.50791,0.42085,0.91234,0,0.79516,0.80666,0.85535,0.82966,0.79516,0.80666,0.85535,0.85104,0.21967,0.23865,0.92303,0.82678,0,0.0288417,0.0096139,0.0288417,0.0096139,0.0288417,0.0096139,0.0288417,0.0096139
197,348.819,0.34135,0.47226,0.41691,0.91707,0,0.83483,0.72453,0.85375,0.83363,0.83483,0.72453,0.85375,0.85202,0.23492,0.22544,0.92622,0.82323,0,0.0288358,0.00961192,0.0288358,0.00961192,0.0288358,0.00961192,0.0288358,0.00961192
198,350.646,0.29809,0.29954,0.37485,0.90893,0,0.78598,0.74214,0.83711,0.82227,0.78598,0.74214,0.83711,0.83244,0.22377,0.21824,1.09302,0.81954,0,0.0288298,0.00960994,0.0288298,0.00960994,0.0288298,0.00960994,0.0288298,0.00960994
199,352.315,0.31524,0.43526,0.39987,0.91081,0,0.75769,0.84746,0.89741,0.88585,0.75769,0.84746,0.89741,0.89509,0.2076,0.21117,0.74118,0.81579,0,0.0288239,0.00960796,0.0288239,0.00960796,0.0288239,0.00960796,0.0288239,0.00960796
200,354.119,0.34188,0.46238,0.37125,0.91223,0,0.88965,0.7453,0.9126,0.89585,0.88965,0.7453,0.9126,0.91092,0.20801,0.2428,0.73302,0.81669,0,0.0288179,0.00960598,0.0288179,0.00960598,0.0288179,0.00960598,0.0288179,0.00960598
201,355.796,0.3217,0.46282,0.44623,0.89771,0,0.78382,0.69382,0.86426,0.83108,0.78382,0.69382,0.86426,0.86426,0.22712,0.23324,0.8057,0.84105,0,0.028812,0.009604,0.028812,0.009604,0.028812,0.009604,0.028812,0.009604
202,357.623,0.33846,0.44867,0.39267,0.91906,0,0.8939,0.70232,0.86797,0.81174,0.8939,0.70232,0.86797,0.83954,0.24918,0.17285,0.85841,0.82755,0,0.0288061,0.00960202,0.0288061,0.00960202,0.0288061,0.00960202,0.0288061,0.00960202
203,359.273,0.31623,0.33343,0.36462,0.90784,0,0.82966,0.74128,0.87622,0.83358,0.82966,0.74128,0.87622,0.84779,0.16385,0.15602,0.68606,0.79959,0,0.0288001,0.00960004,0.0288001,0.00960004,0.0288001,0.00960004,0.0288001,0.00960004
204,361.094,0.30676,0.41816,0.39389,0.90253,0,0.83728,0.79009,0.896,0.89444,0.83728,0.79009,0.896,0.896,0.17248,0.1493,0.65061,0.8031,0,0.0287942,0.00959806,0.0287942,0.00959806,0.0287942,0.00959806,0.0287942,0.00959806
205,362.753,0.2849,0.39369,0.40009,0.89593,0,0.89758,0.76039,0.90993,0.90378,0.89758,0.76039,0.90993,0.90821,0.19088,0.20186,0.61991,0.8033,0,0.0287882,0.00959608,0.0287882,0.00959608,0.0287882,0.00959608,0.0287882,0.00959608
206,364.692,0.32191,0.53531,0.42211,0.9074,0,0.8697,0.80846,0.90576,0.89789,0.8697,0.80846,0.90576,0.90576,0.17895,0.17251,0.58068,0.79963,0,0.0287823,0.0095941,0.0287823,0.0095941,0.0287823,0.0095941,0.0287823,0.0095941
207,366.364,0.31724,0.58332,0.38742,0.91764,0,0.88861,0.82498,0.90249,0.89111,0.88861,0.82498,0.90249,0.90249,0.19731,0.18179,0.5271,0.80379,0,0.0287764,0.00959212,0.0287764,0.00959212,0.0287764,0.00959212,0.0287764,0.00959212
208,368.203,0.30599,0.50752,0.447,0.90412,0,0.88121,0.81869,0.9349,0.92912,0.88121,0.81869,0.9349,0.9349,0.16589,0.17611,0.44319,0.79851,0,0.0287704,0.00959014,0.0287704,0.00959014,0.0287704,0.00959014,0.0287704,0.00959014
209,369.87,0.31553,0.42401,0.40277,0.90199,0,0.69815,0.95714,0.92125,0.91606,0.69815,0.95714,0.92125,0.91967,0.15611,0.17491,0.46341,0.80047,0,0.0287645,0.00958816,0.0287645,0.00958816,0.0287645,0.00958816,0.0287645,0.00958816
210,371.674,0.30308,0.43812,0.41796,0.90627,0,0.80874,0.93303,0.89862,0.88902,0.80874,0.93303,0.89862,0.89582,0.15342,0.18593,0.47295,0.79821,0,0.0287585,0.00958618,0.0287585,0.00958618,0.0287585,0.00958618,0.0287585,0.00958618
211,373.328,0.28401,0.48588,0.37724,0.9087,0,0.80178,0.89252,0.88663,0.88028,0.80178,0.89252,0.88663,0.88393,0.16302,0.18397,0.52798,0.80174,0,0.0287526,0.0095842,0.0287526,0.0095842,0.0287526,0.0095842,0.0287526,0.0095842
212,375.149,0.30273,0.59358,0.39853,0.9116,0,0.78784,0.92186,0.91138,0.90736,0.78784,0.92186,0.91138,0.9046,0.15874,0.16896,0.51146,0.79625,0,0.0287467,0.00958222,0.0287467,0.00958222,0.0287467,0.00958222,0.0287467,0.00958222
213,376.797,0.30211,0.43579,0.40307,0.90154,0,0.81779,0.77742,0.84217,0.83801,0.81779,0.77742,0.84217,0.84076,0.1483,0.17494,0.67062,0.79079,0,0.0287407,0.00958024,0.0287407,0.00958024,0.0287407,0.00958024,0.0287407,0.00958024
214,378.61,0.27053,0.54544,0.4043,0.89825,0,0.74965,0.89643,0.84989,0.84989,0.74965,0.89643,0.84989,0.84989,0.15094,0.22921,0.74191,0.78775,0,0.0287348,0.00957826,0.0287348,0.00957826,0.0287348,0.00957826,0.0287348,0.00957826
215,380.394,0.30058,0.39377,0.37235,0.88678,0,0.52749,0.84881,0.76487,0.76487,0.52749,0.84881,0.76487,0.76487,0.15331,0.22146,0.89141,0.78874,0,0.0287288,0.00957628,0.0287288,0.00957628,0.0287288,0.00957628,0.0287288,0.00957628
216,382.201,0.30823,0.33354,0.41878,0.88331,0,0.62966,0.7821,0.86495,0.84997,0.62966,0.7821,0.86495,0.86495,0.18446,0.24513,1.13198,0.80416,0,0.0287229,0.0095743,0.0287229,0.0095743,0.0287229,0.0095743,0.0287229,0.0095743
217,383.849,0.30039,0.39647,0.36837,0.90066,0,0.71055,0.80788,0.86406,0.84437,0.71055,0.80788,0.86406,0.86406,0.22993,0.17037,1.11828,0.81664,0,0.028717,0.00957232,0.028717,0.00957232,0.028717,0.00957232,0.028717,0.00957232
218,385.646,0.30567,0.50466,0.35616,0.89294,0,0.72534,0.83452,0.86727,0.85295,0.72534,0.83452,0.86727,0.86727,0.20477,0.20603,0.8397,0.81908,0,0.028711,0.00957034,0.028711,0.00957034,0.028711,0.00957034,0.028711,0.00957034
219,387.294,0.30069,0.47454,0.37488,0.89058,0,0.81995,0.75732,0.88989,0.86771,0.81995,0.75732,0.88989,0.88831,0.23734,0.32898,0.67584,0.83006,0,0.0287051,0.00956836,0.0287051,0.00956836,0.0287051,0.00956836,0.0287051,0.00956836
220,389.112,0.31434,0.33468,0.3488,0.90998,0,0.83138,0.84521,0.86086,0.85053,0.83138,0.84521,0.86086,0.86086,0.19745,0.18545,0.68342,0.81257,0,0.0286991,0.00956638,0.0286991,0.00956638,0.0286991,0.00956638,0.0286991,0.00956638
221,390.752,0.33573,0.43669,0.3911,0.90627,0,0.88474,0.80633,0.87437,0.86417,0.88474,0.80633,0.87437,0.87437,0.20793,0.19655,0.69761,0.81344,0,0.0286932,0.0095644,0.0286932,0.0095644,0.0286932,0.0095644,0.0286932,0.0095644
222,392.572,0.29385,0.41797,0.37031,0.8942,0,0.8853,0.76424,0.82217,0.813,0.8853,0.76424,0.82217,0.82019,0.20053,0.20898,0.78894,0.8137,0,0.0286873,0.00956242,0.0286873,0.00956242,0.0286873,0.00956242,0.0286873,0.00956242
223,394.335,0.2945,0.32585,0.36762,0.90479,0,0.84548,0.77683,0.8456,0.83854,0.84548,0.77683,0.8456,0.8456,0.21126,0.17294,0.79542,0.82532,0,0.0286813,0.00956044,0.0286813,0.00956044,0.0286813,0.00956044,0.0286813,0.00956044
224,396.154,0.27921,0.42631,0.3358,0.8749,0,0.8089,0.83386,0.91569,0.87305,0.8089,0.83386,0.91569,0.90148,0.18761,0.15096,0.59662,0.80166,0,0.0286754,0.00955846,0.0286754,0.00955846,0.0286754,0.00955846,0.0286754,0.00955846
225,397.816,0.31743,0.40828,0.38826,0.90272,0,0.89423,0.90341,0.9491,0.90645,0.89423,0.90341,0.9491,0.93488,0.14709,0.13946,0.40471,0.7938,0,0.0286694,0.00955648,0.0286694,0.00955648,0.0286694,0.00955648,0.0286694,0.00955648
226,399.63,0.29423,0.41185,0.39946,0.88383,0,0.86762,0.8613,0.92747,0.89904,0.86762,0.8613,0.92747,0.92747,0.14705,0.13504,0.61484,0.7999,0,0.0286635,0.0095545,0.0286635,0.0095545,0.0286635,0.0095545,0.0286635,0.0095545
227,401.282,0.29784,0.37438,0.36394,0.89103,0,0.84315,0.8759,0.85093,0.85093,0.84315,0.8759,0.85093,0.85093,0.17631,0.13609,0.75123,0.80122,0,0.0286576,0.00955252,0.0286576,0.00955252,0.0286576,0.00955252,0.0286576,0.00955252
228,403.108,0.29491,0.49066,0.38964,0.8946,0,0.86601,0.84647,0.89068,0.87647,0.86601,0.84647,0.89068,0.89068,0.17476,0.13627,0.53391,0.80242,0,0.0286516,0.00955054,0.0286516,0.00955054,0.0286516,0.00955054,0.0286516,0.00955054
229,404.762,0.30641,0.34046,0.42377,0.90204,0,0.85571,0.8962,0.8805,0.86269,0.85571,0.8962,0.8805,0.8805,0.16433,0.13288,0.52813,0.79916,0,0.0286457,0.00954856,0.0286457,0.00954856,0.0286457,0.00954856,0.0286457,0.00954856
230,406.569,0.29529,0.40674,0.35479,0.8868,0,0.86392,0.93957,0.9633,0.96147,0.86392,0.93957,0.9633,0.9633,0.16964,0.13115,0.34678,0.80334,0,0.0286397,0.00954658,0.0286397,0.00954658,0.0286397,0.00954658,0.0286397,0.00954658
231,408.217,0.28086,0.36942,0.35901,0.89356,0,0.89871,0.91872,0.95854,0.94245,0.89871,0.91872,0.95854,0.95854,0.17966,0.13691,0.33039,0.80516,0,0.0286338,0.0095446,0.0286338,0.0095446,0.0286338,0.0095446,0.0286338,0.0095446
232,410.16,0.29368,0.37352,0.33664,0.88005,0,0.87295,0.86297,0.95267,0.95267,0.87295,0.86297,0.95267,0.95267,0.17868,0.14793,0.41776,0.79422,0,0.0286279,0.00954262,0.0286279,0.00954262,0.0286279,0.00954262,0.0286279,0.00954262
233,411.817,0.29135,0.33511,0.37391,0.88912,0,0.86225,0.84252,0.95585,0.95317,0.86225,0.84252,0.95585,0.95585,0.16399,0.15063,0.43267,0.7932,0,0.0286219,0.00954064,0.0286219,0.00954064,0.0286219,0.00954064,0.0286219,0.00954064
234,413.641,0.29788,0.37424,0.36742,0.89552,0,0.85248,0.82842,0.94698,0.94474,0.85248,0.82842,0.94698,0.94698,0.16117,0.15963,0.48241,0.79388,0,0.028616,0.00953866,0.028616,0.00953866,0.028616,0.00953866,0.028616,0.00953866
235,415.291,0.29847,0.35105,0.34424,0.88752,0,0.80976,0.87747,0.92413,0.92142,0.80976,0.87747,0.92413,0.92413,0.16453,0.15268,0.50693,0.79924,0,0.02861,0.00953668,0.02861,0.00953668,0.02861,0.00953668,0.02861,0.00953668
236,417.11,0.30116,0.46154,0.35434,0.9021,0,0.77579,0.81014,0.92922,0.92281,0.77579,0.81014,0.92922,0.92922,0.16611,0.15419,0.554,0.79021,0,0.0286041,0.0095347,0.0286041,0.0095347,0.0286041,0.0095347,0.0286041,0.0095347
237,418.78,0.29687,0.41236,0.39136,0.89432,0,0.65559,0.92381,0.93296,0.92808,0.65559,0.92381,0.93296,0.93296,0.15841,0.1532,0.48672,0.78749,0,0.0285982,0.00953272,0.0285982,0.00953272,0.0285982,0.00953272,0.0285982,0.00953272
238,420.594,0.28104,0.46575,0.32447,0.89721,0,0.7243,0.96645,0.94786,0.94786,0.7243,0.96645,0.94786,0.94786,0.17632,0.15782,0.34989,0.78893,0,0.0285922,0.00953074,0.0285922,0.00953074,0.0285922,0.00953074,0.0285922,0.00953074
239,422.248,0.31193,0.63693,0.368,0.91528,0,0.76898,0.84371,0.91969,0.91969,0.76898,0.84371,0.91969,0.91969,0.16234,0.18727,0.46688,0.78556,0,0.0285863,0.00952876,0.0285863,0.00952876,0.0285863,0.00952876,0.0285863,0.00952876
240,424.035,0.28343,0.39289,0.39313,0.90332,0,0.83485,0.82702,0.90317,0.90317,0.83485,0.82702,0.90317,0.90317,0.16402,0.18458,0.5505,0.79255,0,0.0285803,0.00952678,0.0285803,0.00952678,0.0285803,0.00952678,0.0285803,0.00952678
241,425.691,0.29188,0.50238,0.37895,0.90306,0,0.86955,0.81972,0.89438,0.89438,0.86955,0.81972,0.89438,0.89438,0.14713,0.17953,0.61095,0.78816,0,0.0285744,0.0095248,0.0285744,0.0095248,0.0285744,0.0095248,0.0285744,0.0095248
242,427.616,0.27558,0.41179,0.34974,0.89009,0,0.83323,0.75231,0.84801,0.84363,0.83323,0.75231,0.84801,0.84801,0.1729,0.16082,0.70921,0.80023,0,0.0285685,0.00952282,0.0285685,0.00952282,0.0285685,0.00952282,0.0285685,0.00952282
243,429.291,0.2671,0.46116,0.38114,0.89046,0,0.79027,0.76771,0.88276,0.88017,0.79027,0.76771,0.88276,0.88276,0.17199,0.15617,0.6397,0.80004,0,0.0285625,0.00952084,0.0285625,0.00952084,0.0285625,0.00952084,0.0285625,0.00952084
244,431.122,0.30458,0.51026,0.41248,0.89562,0,0.77573,0.82937,0.84217,0.83813,0.77573,0.82937,0.84217,0.84217,0.1543,0.1409,1.04118,0.78545,0,0.0285566,0.00951886,0.0285566,0.00951886,0.0285566,0.00951886,0.0285566,0.00951886
245,432.752,0.2821,0.56417,0.35467,0.88196,0,0.81054,0.82461,0.85141,0.85141,0.81054,0.82461,0.85141,0.85141,0.14823,0.17496,0.96785,0.78362,0,0.0285506,0.00951688,0.0285506,0.00951688,0.0285506,0.00951688,0.0285506,0.00951688
246,434.586,0.29231,0.51795,0.36293,0.89585,0,0.82218,0.77876,0.9124,0.90816,0.82218,0.77876,0.9124,0.9124,0.15636,0.14235,0.66463,0.7884,0,0.0285447,0.0095149,0.0285447,0.0095149,0.0285447,0.0095149,0.0285447,0.0095149
247,436.246,0.30847,0.40141,0.39607,0.90527,0,0.87378,0.7639,0.91471,0.91471,0.87378,0.7639,0.91471,0.91471,0.16688,0.15738,0.5436,0.79386,0,0.0285388,0.00951292,0.0285388,0.00951292,0.0285388,0.00951292,0.0285388,0.00951292
248,438.05,0.31493,0.46502,0.3526,0.90134,0,0.71445,0.85436,0.90476,0.90476,0.71445,0.85436,0.90476,0.90476,0.17336,0.1836,0.64691,0.79902,0,0.0285328,0.00951094,0.0285328,0.00951094,0.0285328,0.00951094,0.0285328,0.00951094
249,439.704,0.29292,0.53031,0.36842,0.8985,0,0.68241,0.82666,0.83625,0.83434,0.68241,0.82666,0.83625,0.83625,0.16398,0.2289,0.74266,0.79766,0,0.0285269,0.00950896,0.0285269,0.00950896,0.0285269,0.00950896,0.0285269,0.00950896
250,441.513,0.29281,0.43617,0.3497,0.89957,0,0.8578,0.64236,0.88705,0.88705,0.8578,0.64236,0.88705,0.8714,0.1464,0.23904,0.75399,0.79019,0,0.0285209,0.00950698,0.0285209,0.00950698,0.0285209,0.00950698,0.0285209,0.00950698
251,443.288,0.27848,0.43467,0.34756,0.90487,0,0.85371,0.8918,0.945,0.945,0.85371,0.8918,0.945,0.945,0.16115,0.17492,0.43182,0.79273,0,0.028515,0.009505,0.028515,0.009505,0.028515,0.009505,0.028515,0.009505
252,445.102,0.25285,0.4794,0.32966,0.88314,0,0.84365,0.90417,0.95412,0.95412,0.84365,0.90417,0.95412,0.95412,0.14278,0.16065,0.40181,0.78657,0,0.0285091,0.00950302,0.0285091,0.00950302,0.0285091,0.00950302,0.0285091,0.00950302
253,446.744,0.26481,0.29643,0.34917,0.87573,0,0.85808,0.90779,0.94623,0.94623,0.85808,0.90779,0.94623,0.94623,0.14858,0.16302,0.38683,0.78764,0,0.0285031,0.00950104,0.0285031,0.00950104,0.0285031,0.00950104,0.0285031,0.00950104
254,448.572,0.26376,0.53991,0.34159,0.8947,0,0.89868,0.88416,0.93525,0.93016,0.89868,0.88416,0.93525,0.93525,0.18538,0.15533,0.47517,0.80358,0,0.0284972,0.00949906,0.0284972,0.00949906,0.0284972,0.00949906,0.0284972,0.00949906
255,450.238,0.29309,0.40606,0.3338,0.89671,0,0.7674,0.91529,0.93084,0.91479,0.7674,0.91529,0.93084,0.92495,0.20084,0.15439,0.58134,0.81184,0,0.0284912,0.00949708,0.0284912,0.00949708,0.0284912,0.00949708,0.0284912,0.00949708
256,452.048,0.28613,0.48798,0.35813,0.8937,0,0.86563,0.89936,0.9466,0.9466,0.86563,0.89936,0.9466,0.9466,0.16671,0.16449,0.43031,0.796,0,0.0284853,0.0094951,0.0284853,0.0094951,0.0284853,0.0094951,0.0284853,0.0094951
257,453.693,0.28111,0.40627,0.32029,0.8907,0,0.94506,0.92648,0.98131,0.98131,0.94506,0.92648,0.98131,0.98131,0.13867,0.14234,0.2739,0.78705,0,0.0284794,0.00949312,0.0284794,0.00949312,0.0284794,0.00949312,0.0284794,0.00949312
258,455.51,0.26947,0.51393,0.3742,0.88942,0,0.86093,0.7661,0.91796,0.91418,0.86093,0.7661,0.91796,0.91796,0.1597,0.2009,0.71912,0.80322,0,0.0284734,0.00949114,0.0284734,0.00949114,0.0284734,0.00949114,0.0284734,0.00949114
259,457.275,0.28582,0.32789,0.392,0.90291,0,0.84313,0.95336,0.95224,0.94476,0.84313,0.95336,0.95224,0.95224,0.16361,0.16029,0.38541,0.80162,0,0.0284675,0.00948916,0.0284675,0.00948916,0.0284675,0.00948916,0.0284675,0.00948916
260,459.069,0.28114,0.55696,0.3653,0.92383,0,0.77589,0.80999,0.88162,0.88162,0.77589,0.80999,0.88162,0.88162,0.14895,0.18202,0.94,0.79404,0,0.0284615,0.00948718,0.0284615,0.00948718,0.0284615,0.00948718,0.0284615,0.00948718
261,460.732,0.27133,0.45386,0.37379,0.88042,0,0.70402,0.76885,0.85283,0.85283,0.70402,0.76885,0.85283,0.85283,0.17485,0.18796,1.26765,0.79816,0,0.0284556,0.0094852,0.0284556,0.0094852,0.0284556,0.0094852,0.0284556,0.0094852
262,462.548,0.28375,0.3799,0.36843,0.87485,0,0.8086,0.71395,0.81756,0.80864,0.8086,0.71395,0.81756,0.81756,0.18803,0.17907,1.14924,0.80868,0,0.0284497,0.00948322,0.0284497,0.00948322,0.0284497,0.00948322,0.0284497,0.00948322
263,464.207,0.29896,0.36146,0.39057,0.90657,0,0.84696,0.78363,0.87207,0.86547,0.84696,0.78363,0.87207,0.87207,0.16959,0.19343,0.97251,0.80091,0,0.0284437,0.00948124,0.0284437,0.00948124,0.0284437,0.00948124,0.0284437,0.00948124
264,466.021,0.28155,0.36922,0.41399,0.88837,0,0.92935,0.88243,0.96327,0.95702,0.92935,0.88243,0.96327,0.96327,0.16107,0.17875,0.45062,0.79492,0,0.0284378,0.00947926,0.0284378,0.00947926,0.0284378,0.00947926,0.0284378,0.00947926
265,467.696,0.27978,0.3543,0.35511,0.86948,0,0.92347,0.89846,0.95737,0.95199,0.92347,0.89846,0.95737,0.95737,0.18523,0.17799,0.35766,0.79764,0,0.0284318,0.00947728,0.0284318,0.00947728,0.0284318,0.00947728,0.0284318,0.00947728
266,469.517,0.28428,0.31634,0.33539,0.89384,0,0.91438,0.85951,0.95008,0.9454,0.91438,0.85951,0.95008,0.94547,0.16733,0.19856,0.37968,0.7995,0,0.0284259,0.0094753,0.0284259,0.0094753,0.0284259,0.0094753,0.0284259,0.0094753
267,471.299,0.30625,0.41662,0.36044,0.88799,0,0.92666,0.89231,0.9633,0.95482,0.92666,0.89231,0.9633,0.96198,0.16984,0.19914,0.36301,0.80021,0,0.02842,0.00947332,0.02842,0.00947332,0.02842,0.00947332,0.02842,0.00947332
268,473.129,0.30111,0.30649,0.36929,0.90006,0,0.94017,0.88751,0.96286,0.96041,0.94017,0.88751,0.96286,0.96188,0.18117,0.23707,0.42189,0.80941,0,0.028414,0.00947134,0.028414,0.00947134,0.028414,0.00947134,0.028414,0.00947134
269,474.772,0.27075,0.45205,0.37312,0.88942,0,0.93526,0.82546,0.92449,0.92,0.93526,0.82546,0.92449,0.90902,0.17514,0.24955,0.5455,0.80409,0,0.0284081,0.00946936,0.0284081,0.00946936,0.0284081,0.00946936,0.0284081,0.00946936
270,476.594,0.2798,0.38069,0.37239,0.90423,0,0.88031,0.81491,0.91785,0.90845,0.88031,0.81491,0.91785,0.9005,0.18166,0.2328,0.54451,0.80207,0,0.0284021,0.00946738,0.0284021,0.00946738,0.0284021,0.00946738,0.0284021,0.00946738
271,478.254,0.26475,0.44748,0.3221,0.89241,0,0.88243,0.74592,0.90897,0.89329,0.88243,0.74592,0.90897,0.9054,0.19258,0.28488,0.64463,0.80961,0,0.0283962,0.0094654,0.0283962,0.0094654,0.0283962,0.0094654,0.0283962,0.0094654
272,480.066,0.27888,0.52884,0.355,0.90046,0,0.84617,0.61716,0.84402,0.83417,0.84617,0.61716,0.84402,0.83946,0.20801,0.34174,0.88424,0.82371,0,0.0283903,0.00946342,0.0283903,0.00946342,0.0283903,0.00946342,0.0283903,0.00946342
273,481.713,0.27488,0.36571,0.32975,0.8948,0,0.709,0.73396,0.82322,0.81773,0.709,0.73396,0.82322,0.82048,0.21856,0.33222,1.08651,0.8263,0,0.0283843,0.00946144,0.0283843,0.00946144,0.0283843,0.00946144,0.0283843,0.00946144
274,483.532,0.29327,0.41235,0.34664,0.89821,0,0.78836,0.82918,0.82949,0.81528,0.78836,0.82918,0.82949,0.82949,0.17799,0.2344,0.88721,0.80221,0,0.0283784,0.00945946,0.0283784,0.00945946,0.0283784,0.00945946,0.0283784,0.00945946
275,485.185,0.27052,0.39785,0.38039,0.88396,0,0.87901,0.85119,0.83077,0.83077,0.87901,0.85119,0.83077,0.83077,0.15602,0.16275,0.7706,0.79574,0,0.0283724,0.00945748,0.0283724,0.00945748,0.0283724,0.00945748,0.0283724,0.00945748
276,487.102,0.28569,0.46738,0.31893,0.90827,0,0.81394,0.81299,0.84607,0.81764,0.81394,0.81299,0.84607,0.84607,0.16028,0.18352,0.84214,0.79903,0,0.0283665,0.0094555,0.0283665,0.0094555,0.0283665,0.0094555,0.0283665,0.0094555
277,488.744,0.28604,0.62981,0.34697,0.9071,0,0.83114,0.81071,0.84283,0.80353,0.83114,0.81071,0.84283,0.84283,0.17082,0.18764,0.89906,0.79832,0,0.0283606,0.00945352,0.0283606,0.00945352,0.0283606,0.00945352,0.0283606,0.00945352
278,490.567,0.2843,0.4173,0.3526,0.90294,0,0.87792,0.81266,0.91586,0.9014,0.87792,0.81266,0.91586,0.91239,0.17036,0.32956,0.67048,0.80376,0,0.0283546,0.00945154,0.0283546,0.00945154,0.0283546,0.00945154,0.0283546,0.00945154
279,492.221,0.27061,0.3012,0.33724,0.89928,0,0.86825,0.78127,0.89804,0.87843,0.86825,0.78127,0.89804,0.89561,0.19204,0.31904,0.7494,0.81819,0,0.0283487,0.00944956,0.0283487,0.00944956,0.0283487,0.00944956,0.0283487,0.00944956
280,494.021,0.28637,0.33839,0.32462,0.90025,0,0.8965,0.81907,0.89735,0.87947,0.8965,0.81907,0.89735,0.89581,0.14174,0.36455,0.73537,0.79648,0,0.0283427,0.00944758,0.0283427,0.00944758,0.0283427,0.00944758,0.0283427,0.00944758
281,495.668,0.26932,0.39461,0.3585,0.89983,0,0.82018,0.87842,0.92327,0.91809,0.82018,0.87842,0.92327,0.92327,0.15089,0.27123,0.63914,0.79117,0,0.0283368,0.0094456,0.0283368,0.0094456,0.0283368,0.0094456,0.0283368,0.0094456
282,497.482,0.289,0.45212,0.33577,0.88917,0,0.75933,0.88447,0.91248,0.89846,0.75933,0.88447,0.91248,0.91248,0.17618,0.17781,0.60738,0.80267,0,0.0283309,0.00944362,0.0283309,0.00944362,0.0283309,0.00944362,0.0283309,0.00944362
283,499.137,0.27201,0.4082,0.32462,0.90543,0,0.87244,0.85454,0.92905,0.90876,0.87244,0.85454,0.92905,0.92905,0.18028,0.18324,0.55032,0.80802,0,0.0283249,0.00944164,0.0283249,0.00944164,0.0283249,0.00944164,0.0283249,0.00944164
284,500.965,0.27022,0.42888,0.33295,0.88936,0,0.84412,0.84834,0.92307,0.91341,0.84412,0.84834,0.92307,0.91734,0.1669,0.22387,0.46088,0.80155,0,0.028319,0.00943966,0.028319,0.00943966,0.028319,0.00943966,0.028319,0.00943966
285,502.728,0.28858,0.42765,0.36092,0.90586,0,0.84242,0.8581,0.93546,0.93546,0.84242,0.8581,0.93546,0.93546,0.14928,0.15319,0.52547,0.78463,0,0.028313,0.00943768,0.028313,0.00943768,0.028313,0.00943768,0.028313,0.00943768
286,504.541,0.30727,0.36108,0.37026,0.89759,0,0.79118,0.78466,0.89586,0.89586,0.79118,0.78466,0.89586,0.89586,0.15693,0.15019,0.72322,0.78803,0,0.0283071,0.0094357,0.0283071,0.0094357,0.0283071,0.0094357,0.0283071,0.0094357
287,506.18,0.29789,0.33102,0.32361,0.9011,0,0.79299,0.80649,0.88432,0.88432,0.79299,0.80649,0.88432,0.88432,0.16877,0.14383,0.70187,0.78768,0,0.0283012,0.00943372,0.0283012,0.00943372,0.0283012,0.00943372,0.0283012,0.00943372
288,507.998,0.29071,0.31191,0.32279,0.88224,0,0.82075,0.77605,0.89878,0.89309,0.82075,0.77605,0.89878,0.89878,0.15826,0.14307,0.62334,0.79056,0,0.0282952,0.00943174,0.0282952,0.00943174,0.0282952,0.00943174,0.0282952,0.00943174
289,509.66,0.24678,0.37506,0.34927,0.89217,0,0.80406,0.79405,0.8918,0.8918,0.80406,0.79405,0.8918,0.8918,0.15091,0.14602,0.68438,0.78959,0,0.0282893,0.00942976,0.0282893,0.00942976,0.0282893,0.00942976,0.0282893,0.00942976
290,511.471,0.26108,0.36669,0.3338,0.88811,0,0.7438,0.77925,0.8945,0.8945,0.7438,0.77925,0.8945,0.8945,0.1496,0.14375,0.89857,0.78701,0,0.0282833,0.00942778,0.0282833,0.00942778,0.0282833,0.00942778,0.0282833,0.00942778
291,513.12,0.24674,0.41042,0.3378,0.91142,0,0.85169,0.83333,0.87025,0.87025,0.85169,0.83333,0.87025,0.87025,0.16292,0.13584,0.886,0.78644,0,0.0282774,0.0094258,0.0282774,0.0094258,0.0282774,0.0094258,0.0282774,0.0094258
292,514.94,0.26977,0.34765,0.3143,0.90351,0,0.84764,0.7857,0.92532,0.92042,0.84764,0.7857,0.92532,0.92532,0.14859,0.14943,0.66147,0.78553,0,0.0282715,0.00942382,0.0282715,0.00942382,0.0282715,0.00942382,0.0282715,0.00942382
293,516.585,0.27486,0.44086,0.32239,0.90024,0,0.87398,0.80228,0.91517,0.8917,0.87398,0.80228,0.91517,0.91517,0.20094,0.16722,0.74457,0.80755,0,0.0282655,0.00942184,0.0282655,0.00942184,0.0282655,0.00942184,0.0282655,0.00942184
294,518.508,0.29641,0.42362,0.34765,0.89519,0,0.87885,0.79974,0.92057,0.90649,0.87885,0.79974,0.92057,0.91576,0.20327,0.26287,0.57459,0.82812,0,0.0282596,0.00941986,0.0282596,0.00941986,0.0282596,0.00941986,0.0282596,0.00941986
295,520.16,0.28746,0.50453,0.35745,0.90778,0,0.74757,0.87447,0.8964,0.88906,0.74757,0.87447,0.8964,0.89161,0.20191,0.2866,0.62882,0.82178,0,0.0282536,0.00941788,0.0282536,0.00941788,0.0282536,0.00941788,0.0282536,0.00941788
296,521.966,0.27471,0.40438,0.35338,0.90198,0,0.66539,0.78991,0.87096,0.85767,0.66539,0.78991,0.87096,0.86563,0.21637,0.1924,0.71719,0.82916,0,0.0282477,0.0094159,0.0282477,0.0094159,0.0282477,0.0094159,0.0282477,0.0094159
297,523.613,0.29349,0.4068,0.35447,0.91352,0,0.78943,0.87809,0.88629,0.87367,0.78943,0.87809,0.88629,0.88629,0.21538,0.16466,0.70338,0.82107,0,0.0282418,0.00941392,0.0282418,0.00941392,0.0282418,0.00941392,0.0282418,0.00941392
298,525.427,0.27343,0.53416,0.31567,0.8857,0,0.77731,0.86392,0.85926,0.8379,0.77731,0.86392,0.85926,0.85926,0.27081,0.17416,0.75274,0.85078,0,0.0282358,0.00941194,0.0282358,0.00941194,0.0282358,0.00941194,0.0282358,0.00941194
299,527.079,0.27615,0.43657,0.31482,0.89058,0,0.82036,0.84803,0.87768,0.85238,0.82036,0.84803,0.87768,0.87768,0.23825,0.23514,0.83962,0.83005,0,0.0282299,0.00940996,0.0282299,0.00940996,0.0282299,0.00940996,0.0282299,0.00940996
300,528.899,0.26608,0.51503,0.33597,0.88844,0,0.85392,0.84338,0.89613,0.87352,0.85392,0.84338,0.89613,0.89613,0.20979,0.24193,0.74988,0.81909,0,0.0282239,0.00940798,0.0282239,0.00940798,0.0282239,0.00940798,0.0282239,0.00940798
301,530.541,0.26362,0.51876,0.32443,0.88834,0,0.82634,0.85247,0.8913,0.86902,0.82634,0.85247,0.8913,0.8913,0.17496,0.17769,0.83904,0.80582,0,0.028218,0.009406,0.028218,0.009406,0.028218,0.009406,0.028218,0.009406
302,532.481,0.26217,0.58099,0.30164,0.91837,0,0.84307,0.81557,0.84911,0.83555,0.84307,0.81557,0.84911,0.84911,0.16334,0.18856,0.94087,0.79355,0,0.0282121,0.00940402,0.0282121,0.00940402,0.0282121,0.00940402,0.0282121,0.00940402
303,534.153,0.24523,0.40183,0.34607,0.89362,0,0.88084,0.7772,0.90874,0.90835,0.88084,0.7772,0.90874,0.90376,0.14362,0.22187,0.72988,0.78706,0,0.0282061,0.00940204,0.0282061,0.00940204,0.0282061,0.00940204,0.0282061,0.00940204
304,535.992,0.26503,0.36949,0.31985,0.86868,0,0.87688,0.77865,0.94534,0.94204,0.87688,0.77865,0.94534,0.94534,0.1485,0.14456,0.67759,0.78348,0,0.0282002,0.00940006,0.0282002,0.00940006,0.0282002,0.00940006,0.0282002,0.00940006
305,537.661,0.27077,0.39111,0.33377,0.90186,0,0.89558,0.87925,0.93948,0.93672,0.89558,0.87925,0.93948,0.93948,0.14733,0.14334,0.43043,0.78658,0,0.0281942,0.00939808,0.0281942,0.00939808,0.0281942,0.00939808,0.0281942,0.00939808
306,539.472,0.2774,0.45958,0.30196,0.87476,0,0.81411,0.87523,0.89669,0.89009,0.81411,0.87523,0.89669,0.89669,0.18333,0.13847,0.47425,0.81734,0,0.0281883,0.0093961,0.0281883,0.0093961,0.0281883,0.0093961,0.0281883,0.0093961
307,541.12,0.27985,0.56791,0.34046,0.90231,0,0.82306,0.87738,0.90321,0.89609,0.82306,0.87738,0.90321,0.90321,0.20545,0.17494,0.49257,0.85014,0,0.0281824,0.00939412,0.0281824,0.00939412,0.0281824,0.00939412,0.0281824,0.00939412
308,542.957,0.2486,0.38559,0.35505,0.90377,0,0.8428,0.73799,0.89249,0.88478,0.8428,0.73799,0.89249,0.88455,0.2069,0.36492,0.64579,0.84895,0,0.0281764,0.00939214,0.0281764,0.00939214,0.0281764,0.00939214,0.0281764,0.00939214
309,544.598,0.28682,0.3358,0.35043,0.88315,0,0.90609,0.76494,0.93827,0.92451,0.90609,0.76494,0.93827,0.93827,0.21402,0.24267,0.5774,0.85552,0,0.0281705,0.00939016,0.0281705,0.00939016,0.0281705,0.00939016,0.0281705,0.00939016
310,546.42,0.25607,0.48599,0.33712,0.89261,0,0.8431,0.85324,0.87097,0.87048,0.8431,0.85324,0.87097,0.87097,0.18442,0.19943,0.76095,0.80697,0,0.0281645,0.00938818,0.0281645,0.00938818,0.0281645,0.00938818,0.0281645,0.00938818
311,548.074,0.27868,0.44843,0.35427,0.89248,0,0.8387,0.80341,0.85152,0.85062,0.8387,0.80341,0.85152,0.85152,0.17755,0.18595,0.91159,0.80537,0,0.0281586,0.0093862,0.0281586,0.0093862,0.0281586,0.0093862,0.0281586,0.0093862
312,549.999,0.28157,0.31117,0.33881,0.88204,0,0.7674,0.80971,0.88235,0.88116,0.7674,0.80971,0.88086,0.88086,0.17894,0.19459,0.83201,0.80045,0,0.0281527,0.00938422,0.0281527,0.00938422,0.0281527,0.00938422,0.0281527,0.00938422
313,551.643,0.2686,0.44906,0.33465,0.88206,0,0.8797,0.81056,0.87041,0.8595,0.8797,0.81056,0.87041,0.87041,0.18456,0.19505,0.65357,0.80064,0,0.0281467,0.00938224,0.0281467,0.00938224,0.0281467,0.00938224,0.0281467,0.00938224
314,553.47,0.26379,0.35115,0.36884,0.88139,0,0.86408,0.86299,0.92446,0.91464,0.86408,0.86299,0.92446,0.92446,0.17524,0.16299,0.47484,0.80417,0,0.0281408,0.00938026,0.0281408,0.00938026,0.0281408,0.00938026,0.0281408,0.00938026
315,555.125,0.28366,0.34287,0.32995,0.88655,0,0.83025,0.86216,0.91871,0.90288,0.83025,0.86216,0.91871,0.91871,0.21952,0.16333,0.56103,0.81956,0,0.0281348,0.00937828,0.0281348,0.00937828,0.0281348,0.00937828,0.0281348,0.00937828
316,556.923,0.25909,0.38429,0.30999,0.88492,0,0.90237,0.93396,0.94409,0.92155,0.90237,0.93396,0.94409,0.94255,0.16736,0.16981,0.39366,0.79803,0,0.0281289,0.0093763,0.0281289,0.0093763,0.0281289,0.0093763,0.0281289,0.0093763
317,558.577,0.2678,0.49019,0.30562,0.89936,0,0.91692,0.90916,0.949,0.94062,0.91692,0.90916,0.949,0.94834,0.16183,0.25464,0.33884,0.79329,0,0.028123,0.00937432,0.028123,0.00937432,0.028123,0.00937432,0.028123,0.00937432
318,560.395,0.29077,0.46498,0.32598,0.8879,0,0.91324,0.89903,0.94111,0.93107,0.91324,0.89903,0.94111,0.91365,0.16681,0.38149,0.39661,0.80307,0,0.028117,0.00937234,0.028117,0.00937234,0.028117,0.00937234,0.028117,0.00937234
319,562.049,0.2643,0.45381,0.33643,0.89179,0,0.93222,0.93269,0.97406,0.97406,0.93222,0.93269,0.97406,0.97406,0.1747,0.26183,0.39986,0.79687,0,0.0281111,0.00937036,0.0281111,0.00937036,0.0281111,0.00937036,0.0281111,0.00937036
320,563.736,0.27837,0.37183,0.32318,0.88509,0,0.85449,0.90357,0.95716,0.95716,0.85449,0.90357,0.95716,0.95716,0.14958,0.17082,0.52512,0.78729,0,0.0281051,0.00936838,0.0281051,0.00936838,0.0281051,0.00936838,0.0281051,0.00936838
321,565.503,0.27697,0.54719,0.339,0.89432,0,0.88091,0.82138,0.95006,0.94368,0.88091,0.82138,0.95006,0.95006,0.15501,0.17367,0.6382,0.79235,0,0.0280992,0.0093664,0.0280992,0.0093664,0.0280992,0.0093664,0.0280992,0.0093664
322,567.331,0.25848,0.60107,0.29621,0.89301,0,0.86482,0.85421,0.9633,0.94977,0.86482,0.85421,0.9633,0.95995,0.17996,0.14474,0.62957,0.80212,0,0.0280933,0.00936442,0.0280933,0.00936442,0.0280933,0.00936442,0.0280933,0.00936442
323,568.989,0.27207,0.57288,0.31212,0.89037,0,0.83214,0.77017,0.93259,0.92892,0.83214,0.77017,0.93259,0.93259,0.15665,0.15409,0.67394,0.79141,0,0.0280873,0.00936244,0.0280873,0.00936244,0.0280873,0.00936244,0.0280873,0.00936244
324,570.676,0.25529,0.38947,0.32747,0.88163,0,0.7395,0.83608,0.94518,0.93943,0.7395,0.83608,0.94518,0.94518,0.15161,0.14941,0.55648,0.79343,0,0.0280814,0.00936046,0.0280814,0.00936046,0.0280814,0.00936046,0.0280814,0.00936046
325,572.049,0.29103,0.42512,0.33303,0.88541,0,0.84627,0.76492,0.97143,0.96222,0.84627,0.76492,0.97143,0.97143,0.15726,0.14709,0.50791,0.79426,0,0.0280754,0.00935848,0.0280754,0.00935848,0.0280754,0.00935848,0.0280754,0.00935848
326,573.861,0.27698,0.48504,0.3292,0.90921,0,0.88446,0.91192,0.97143,0.96777,0.88446,0.91192,0.97143,0.97143,0.15612,0.14068,0.39766,0.78835,0,0.0280695,0.0093565,0.0280695,0.0093565,0.0280695,0.0093565,0.0280695,0.0093565
327,575.515,0.26679,0.5684,0.31589,0.90752,0,0.87045,0.93491,0.9074,0.90376,0.87045,0.93491,0.9074,0.9074,0.1574,0.14229,0.51116,0.79189,0,0.0280636,0.00935452,0.0280636,0.00935452,0.0280636,0.00935452,0.0280636,0.00935452
328,577.331,0.25883,0.46763,0.30674,0.8787,0,0.80618,0.94356,0.92301,0.91756,0.80618,0.94356,0.92301,0.92301,0.19449,0.15487,0.53597,0.80221,0,0.0280576,0.00935254,0.0280576,0.00935254,0.0280576,0.00935254,0.0280576,0.00935254
329,578.994,0.26859,0.56402,0.33219,0.88741,0,0.82223,0.94133,0.96791,0.96005,0.82223,0.94133,0.96791,0.96791,0.15489,0.13924,0.46189,0.79185,0,0.0280517,0.00935056,0.0280517,0.00935056,0.0280517,0.00935056,0.0280517,0.00935056
330,580.942,0.26004,0.44992,0.30602,0.88053,0,0.88625,0.91423,0.97109,0.96509,0.88625,0.91423,0.97109,0.97109,0.14238,0.14603,0.41127,0.78158,0,0.0280457,0.00934858,0.0280457,0.00934858,0.0280457,0.00934858,0.0280457,0.00934858
331,582.463,0.24532,0.49767,0.34913,0.88473,0,0.89642,0.81966,0.96736,0.96736,0.89642,0.81966,0.96736,0.96736,0.14839,0.14958,0.52173,0.78095,0,0.0280398,0.0093466,0.0280398,0.0093466,0.0280398,0.0093466,0.0280398,0.0093466
332,584.296,0.26267,0.45771,0.35242,0.89311,0,0.81507,0.93167,0.95675,0.95675,0.81507,0.93167,0.95675,0.95675,0.14189,0.14938,0.34205,0.78124,0,0.0280339,0.00934462,0.0280339,0.00934462,0.0280339,0.00934462,0.0280339,0.00934462
333,585.793,0.28805,0.38814,0.34112,0.90187,0,0.75487,0.9174,0.94621,0.94621,0.75487,0.9174,0.94621,0.94621,0.13706,0.14314,0.37289,0.77977,0,0.0280279,0.00934264,0.0280279,0.00934264,0.0280279,0.00934264,0.0280279,0.00934264
334,587.474,0.25535,0.35596,0.31798,0.86345,0,0.8762,0.93885,0.96357,0.95951,0.8762,0.93885,0.96357,0.96357,0.1471,0.14163,0.31455,0.77998,0,0.028022,0.00934066,0.028022,0.00934066,0.028022,0.00934066,0.028022,0.00934066
335,588.99,0.28861,0.41888,0.31949,0.89175,0,0.91098,0.91928,0.96554,0.95782,0.91098,0.91928,0.96554,0.96419,0.15638,0.14371,0.3163,0.78887,0,0.028016,0.00933868,0.028016,0.00933868,0.028016,0.00933868,0.028016,0.00933868
336,590.654,0.29148,0.3862,0.31493,0.8979,0,0.89457,0.88114,0.95337,0.9311,0.89457,0.88114,0.95337,0.95268,0.18215,0.15289,0.48604,0.80112,0,0.0280101,0.0093367,0.0280101,0.0093367,0.0280101,0.0093367,0.0280101,0.0093367
337,592.184,0.25892,0.35294,0.30151,0.88803,0,0.88296,0.85469,0.95754,0.93231,0.88296,0.85469,0.95754,0.95655,0.19338,0.14581,0.47353,0.82108,0,0.0280042,0.00933472,0.0280042,0.00933472,0.0280042,0.00933472,0.0280042,0.00933472
338,593.876,0.27009,0.34661,0.30161,0.89879,0,0.8606,0.92987,0.9571,0.94171,0.8606,0.92987,0.9571,0.9571,0.18498,0.25063,0.37376,0.83256,0,0.0279982,0.00933274,0.0279982,0.00933274,0.0279982,0.00933274,0.0279982,0.00933274
339,595.63,0.2791,0.40535,0.30702,0.89487,0,0.912,0.78971,0.95449,0.92453,0.912,0.78971,0.95449,0.92794,0.19087,0.45345,0.4967,0.83649,0,0.0279923,0.00933076,0.0279923,0.00933076,0.0279923,0.00933076,0.0279923,0.00933076
340,597.449,0.26791,0.44215,0.32524,0.8849,0,0.92058,0.81928,0.94965,0.92314,0.92058,0.81928,0.94965,0.94449,0.20709,0.2296,0.5615,0.84208,0,0.0279863,0.00932878,0.0279863,0.00932878,0.0279863,0.00932878,0.0279863,0.00932878
341,598.959,0.26677,0.46382,0.29763,0.88915,0,0.867,0.91106,0.94408,0.93754,0.867,0.91106,0.94408,0.94167,0.19872,0.20464,0.55001,0.81326,0,0.0279804,0.0093268,0.0279804,0.0093268,0.0279804,0.0093268,0.0279804,0.0093268
342,600.782,0.26622,0.47048,0.30319,0.88672,0,0.95524,0.8791,0.96936,0.96626,0.95524,0.8791,0.96936,0.96936,0.16585,0.18331,0.36134,0.79675,0,0.0279745,0.00932482,0.0279745,0.00932482,0.0279745,0.00932482,0.0279745,0.00932482
343,602.303,0.273,0.70824,0.38185,0.90812,0,0.94595,0.88324,0.96235,0.93677,0.94595,0.88324,0.96235,0.96145,0.20441,0.17982,0.37592,0.83105,0,0.0279685,0.00932284,0.0279685,0.00932284,0.0279685,0.00932284,0.0279685,0.00932284
344,604.113,0.27337,0.3925,0.31938,0.897,0,0.90582,0.84225,0.95854,0.94781,0.90582,0.84225,0.95854,0.95828,0.1766,0.16467,0.42909,0.794,0,0.0279626,0.00932086,0.0279626,0.00932086,0.0279626,0.00932086,0.0279626,0.00932086
345,605.643,0.2653,0.32957,0.32443,0.88637,0,0.88656,0.87794,0.96229,0.96012,0.88656,0.87794,0.96229,0.96229,0.16944,0.17201,0.45325,0.79032,0,0.0279566,0.00931888,0.0279566,0.00931888,0.0279566,0.00931888,0.0279566,0.00931888
346,607.456,0.27989,0.31765,0.31585,0.87903,0,0.82818,0.93558,0.93209,0.92851,0.82818,0.93558,0.93209,0.93209,0.16559,0.15929,0.50346,0.79142,0,0.0279507,0.0093169,0.0279507,0.0093169,0.0279507,0.0093169,0.0279507,0.0093169
347,608.963,0.26349,0.39185,0.29217,0.8833,0,0.84006,0.93313,0.9411,0.92388,0.84006,0.93313,0.9411,0.93883,0.21003,0.1672,0.45183,0.82631,0,0.0279448,0.00931492,0.0279448,0.00931492,0.0279448,0.00931492,0.0279448,0.00931492
348,610.898,0.25877,0.41216,0.30029,0.86993,0,0.79798,0.89328,0.93029,0.91554,0.79798,0.89328,0.93029,0.92816,0.17997,0.18201,0.76648,0.80509,0,0.0279388,0.00931294,0.0279388,0.00931294,0.0279388,0.00931294,0.0279388,0.00931294
349,612.542,0.27577,0.45055,0.31587,0.88866,0,0.83578,0.86567,0.90066,0.88761,0.83578,0.86567,0.90066,0.89935,0.15828,0.25085,0.94532,0.79218,0,0.0279329,0.00931096,0.0279329,0.00931096,0.0279329,0.00931096,0.0279329,0.00931096
350,614.374,0.25862,0.3454,0.30724,0.88718,0,0.83218,0.76418,0.86241,0.85854,0.83218,0.76418,0.86241,0.80365,0.18706,2.03543,1.00442,0.80282,0,0.0279269,0.00930898,0.0279269,0.00930898,0.0279269,0.00930898,0.0279269,0.00930898
351,616.044,0.25952,0.35258,0.29272,0.87883,0,0.62318,0.76138,0.77595,0.77073,0.53522,0.63119,0.66455,0.59206,0.20176,7.68428,1.63833,0.81546,0,0.027921,0.009307,0.027921,0.009307,0.027921,0.009307,0.027921,0.009307
352,617.867,0.27481,0.38099,0.3439,0.89137,0,0.67114,0.74175,0.84171,0.84171,0.58212,0.73452,0.79065,0.60695,0.15114,7.15781,1.4217,0.78751,0,0.0279151,0.00930502,0.0279151,0.00930502,0.0279151,0.00930502,0.0279151,0.00930502
353,619.542,0.2719,0.28509,0.31622,0.88314,0,0.79764,0.74111,0.88222,0.88222,0.79764,0.74111,0.88222,0.78999,0.16098,2.76137,0.97545,0.78721,0,0.0279091,0.00930304,0.0279091,0.00930304,0.0279091,0.00930304,0.0279091,0.00930304
354,621.37,0.27481,0.43218,0.34444,0.89396,0,0.74723,0.896,0.89581,0.89581,0.74723,0.896,0.89581,0.80362,0.16746,1.9652,0.62528,0.79309,0,0.0279032,0.00930106,0.0279032,0.00930106,0.0279032,0.00930106,0.0279032,0.00930106
355,623.028,0.25717,0.39297,0.29174,0.89065,0,0.79656,0.91253,0.90395,0.90395,0.71135,0.82262,0.81904,0.77912,0.16261,2.11557,0.57821,0.79234,0,0.0278972,0.00929908,0.0278972,0.00929908,0.0278972,0.00929908,0.0278972,0.00929908
356,624.693,0.26165,0.43813,0.32686,0.88209,0,0.86194,0.8979,0.90668,0.90464,0.73427,0.76429,0.76005,0.64205,0.17082,5.55337,0.52999,0.79493,0,0.0278913,0.0092971,0.0278913,0.0092971,0.0278913,0.0092971,0.0278913,0.0092971
357,626.471,0.24767,0.47312,0.29258,0.88857,0,0.7364,0.87089,0.84767,0.84575,0.57099,0.55714,0.55995,0.4755,0.17313,10.4259,0.67855,0.79892,0,0.0278854,0.00929512,0.0278854,0.00929512,0.0278854,0.00929512,0.0278854,0.00929512
358,628.288,0.27016,0.43179,0.32595,0.89359,0,0.77665,0.90076,0.85808,0.85607,0.52016,0.52928,0.50613,0.35691,0.16651,9.49955,0.73477,0.80158,0,0.0278794,0.00929314,0.0278794,0.00929314,0.0278794,0.00929314,0.0278794,0.00929314
359,629.956,0.27508,0.503,0.32746,0.89961,0,0.72509,0.94687,0.89292,0.89292,0.72509,0.94687,0.89292,0.79801,0.15551,1.12511,0.58881,0.79303,0,0.0278735,0.00929116,0.0278735,0.00929116,0.0278735,0.00929116,0.0278735,0.00929116
360,631.788,0.27476,0.43078,0.32887,0.89591,0,0.73952,0.78799,0.78936,0.78936,0.73952,0.78799,0.78936,0.78034,0.14995,0.1894,0.91607,0.78734,0,0.0278675,0.00928918,0.0278675,0.00928918,0.0278675,0.00928918,0.0278675,0.00928918
361,633.461,0.26201,0.53029,0.29168,0.88934,0,0.81344,0.70714,0.82963,0.82831,0.81344,0.70714,0.82963,0.82716,0.14749,0.17611,0.8317,0.78366,0,0.0278616,0.0092872,0.0278616,0.0092872,0.0278616,0.0092872,0.0278616,0.0092872
362,635.301,0.24347,0.3207,0.3224,0.88621,0,0.72718,0.81229,0.92142,0.90584,0.72718,0.81229,0.92142,0.91851,0.15935,0.21383,0.74157,0.79022,0,0.0278557,0.00928522,0.0278557,0.00928522,0.0278557,0.00928522,0.0278557,0.00928522
363,636.955,0.25674,0.4211,0.29649,0.88139,0,0.7208,0.86,0.93534,0.93534,0.7208,0.86,0.93534,0.91813,0.16528,0.2624,0.73887,0.79321,0,0.0278497,0.00928324,0.0278497,0.00928324,0.0278497,0.00928324,0.0278497,0.00928324
364,638.785,0.25335,0.50763,0.28205,0.88677,0,0.86162,0.82961,0.92867,0.92445,0.86162,0.82961,0.92867,0.91236,0.16811,0.3327,0.51212,0.79374,0,0.0278438,0.00928126,0.0278438,0.00928126,0.0278438,0.00928126,0.0278438,0.00928126
365,640.448,0.26331,0.46055,0.30119,0.89675,0,0.75724,0.82722,0.90171,0.87178,0.75724,0.82722,0.90171,0.82186,0.23669,1.00265,0.67453,0.82804,0,0.0278378,0.00927928,0.0278378,0.00927928,0.0278378,0.00927928,0.0278378,0.00927928
366,642.373,0.26061,0.51209,0.32217,0.88689,0,0.84917,0.32237,0.42209,0.29915,0.84917,0.32237,0.42139,0.14912,1.4754,7.39059,3.66014,1.77355,0,0.0278319,0.0092773,0.0278319,0.0092773,0.0278319,0.0092773,0.0278319,0.0092773
367,644.047,0.25613,0.51315,0.31186,0.89621,0,0.94041,0.17857,0.28804,0.22547,0.14778,0.04643,0.08849,0.06028,2.4038,11.0873,5.27343,2.95188,0,0.027826,0.00927532,0.027826,0.00927532,0.027826,0.00927532,0.027826,0.00927532
368,645.878,0.24158,0.38533,0.29671,0.87753,0,0.88706,0.34205,0.48416,0.34821,0.45455,0.17608,0.22403,0.10059,1.35515,11.6079,3.1565,1.69488,0,0.02782,0.00927334,0.02782,0.00927334,0.02782,0.00927334,0.02782,0.00927334
369,647.547,0.27899,0.44016,0.33188,0.9004,0,0.71994,0.59708,0.72505,0.48694,0.67081,0.14643,0.23205,0.14333,1.04092,12.122,2.28617,1.25845,0,0.0278141,0.00927136,0.0278141,0.00927136,0.0278141,0.00927136,0.0278141,0.00927136
370,649.35,0.27316,0.52389,0.33948,0.88383,0,0.8197,0.60817,0.77016,0.71029,0.34725,0.24865,0.26303,0.12916,0.22991,8.40839,1.27369,0.82886,0,0.0278081,0.00926938,0.0278081,0.00926938,0.0278081,0.00926938,0.0278081,0.00926938
371,651.006,0.26173,0.39176,0.33604,0.87768,0,0.86532,0.77442,0.83918,0.82989,0.25097,0.28435,0.23167,0.13167,0.25426,6.29439,0.75353,0.82233,0,0.0278022,0.0092674,0.0278022,0.0092674,0.0278022,0.0092674,0.0278022,0.0092674
372,652.82,0.28643,0.4887,0.29982,0.89898,0,0.7542,0.82485,0.87197,0.82011,0.57801,0.61724,0.63118,0.52998,0.36329,2.78624,0.88197,0.90658,0,0.0277963,0.00926542,0.0277963,0.00926542,0.0277963,0.00926542,0.0277963,0.00926542
373,654.34,0.28372,0.42139,0.34378,0.88572,0,0.7253,0.7671,0.90294,0.86472,0.57836,0.66532,0.7608,0.63946,0.32232,1.5366,1.04808,0.86816,0,0.0277903,0.00926344,0.0277903,0.00926344,0.0277903,0.00926344,0.0277903,0.00926344
374,656.163,0.28788,0.4205,0.31841,0.932,0,0.74272,0.83571,0.89772,0.87187,0.6061,0.71321,0.66169,0.46227,0.22381,3.74072,0.62886,0.8199,0,0.0277844,0.00926146,0.0277844,0.00926146,0.0277844,0.00926146,0.0277844,0.00926146
375,657.945,0.26994,0.47764,0.34332,0.88579,0,0.72651,0.53607,0.64375,0.58188,0.68243,0.5075,0.55985,0.27835,0.46295,7.06213,1.57814,0.98458,0,0.0277784,0.00925948,0.0277784,0.00925948,0.0277784,0.00925948,0.0277784,0.00925948
376,659.762,0.24792,0.54951,0.30605,0.88738,0,0.44822,0.58584,0.5531,0.51759,0.41861,0.53822,0.53703,0.31696,0.56554,5.99807,1.62106,1.23444,0,0.0277725,0.0092575,0.0277725,0.0092575,0.0277725,0.0092575,0.0277725,0.0092575
377,661.283,0.24596,0.42423,0.28192,0.89807,0,0.45118,0.65238,0.58779,0.57822,0.45118,0.65238,0.58779,0.37673,0.51828,4.87847,1.56401,1.14894,0,0.0277666,0.00925552,0.0277666,0.00925552,0.0277666,0.00925552,0.0277666,0.00925552
378,663.099,0.23973,0.48128,0.33265,0.88184,0,0.44989,0.45359,0.52617,0.46295,0.60085,0.37361,0.46426,0.33895,0.64221,3.9167,3.23488,1.19155,0,0.0277606,0.00925354,0.0277606,0.00925354,0.0277606,0.00925354,0.0277606,0.00925354
379,664.624,0.24015,0.40848,0.29908,0.87835,0,0.57121,0.3797,0.47746,0.42305,0.43261,0.34435,0.41207,0.26869,0.88376,4.69821,3.8799,1.41156,0,0.0277547,0.00925156,0.0277547,0.00925156,0.0277547,0.00925156,0.0277547,0.00925156
380,666.31,0.27449,0.55518,0.3434,0.90638,0,0.60086,0.41358,0.54359,0.491,0.50388,0.37869,0.48952,0.31943,0.67041,3.34455,2.95634,1.22173,0,0.0277487,0.00924958,0.0277487,0.00924958,0.0277487,0.00924958,0.0277487,0.00924958
381,667.981,0.26182,0.54722,0.32853,0.89857,0,0.6149,0.36084,0.26306,0.19763,0.6093,0.31323,0.22761,0.11552,1.2154,3.40388,3.56372,1.62874,0,0.0277428,0.0092476,0.0277428,0.0092476,0.0277428,0.0092476,0.0277428,0.0092476
382,669.659,0.24465,0.49112,0.33694,0.88539,0,0.4609,0.2619,0.23001,0.18964,0.4609,0.2619,0.22689,0.1062,1.26142,3.48344,4.47702,1.53221,0,0.0277369,0.00924562,0.0277369,0.00924562,0.0277369,0.00924562,0.0277369,0.00924562
383,671.348,0.27446,0.5954,0.32356,0.89268,0,0.70623,0.05357,0.06141,0.03741,0.70677,0.05357,0.05425,0.04123,1.73863,3.66246,9.08426,1.79257,0,0.0277309,0.00924364,0.0277309,0.00924364,0.0277309,0.00924364,0.0277309,0.00924364
384,673.319,0.23871,0.5888,0.38075,0.88146,0,0,0,0,0,0,0,0,0,2.50053,5.7574,6.18578,2.42855,0,0.027725,0.00924166,0.027725,0.00924166,0.027725,0.00924166,0.027725,0.00924166
385,675.003,0.253,0.64274,0.31655,0.88372,0,0,0,0,0,0,0,0,0,3.77186,6.599,6.00591,3.80874,0,0.027719,0.00923968,0.027719,0.00923968,0.027719,0.00923968,0.027719,0.00923968
386,676.826,0.28062,0.79027,0.38176,0.90439,0,0,0,0,0,0,0,0,0,3.95976,4.84432,6.05272,4.39959,0,0.0277131,0.0092377,0.0277131,0.0092377,0.0277131,0.0092377,0.0277131,0.0092377
387,678.348,0.28114,0.87644,0.35378,0.9069,0,0,0,0,0,0,0,0,0,3.72828,4.08132,6.18726,3.85019,0,0.0277072,0.00923572,0.0277072,0.00923572,0.0277072,0.00923572,0.0277072,0.00923572
388,680.181,0.25977,0.96922,0.32225,0.8895,0,0.37563,0.06344,0.05933,0.04861,0.37563,0.06344,0.05933,0.03081,2.08117,4.60487,6.62045,2.25474,0,0.0277012,0.00923374,0.0277012,0.00923374,0.0277012,0.00923374,0.0277012,0.00923374
389,681.846,0.26354,1.04504,0.31868,0.89237,0,8e-05,0.14286,0.00023,7e-05,0,0,0,0,2.57148,4.78652,6.73094,2.98529,0,0.0276953,0.00923176,0.0276953,0.00923176,0.0276953,0.00923176,0.0276953,0.00923176
390,683.656,0.2783,1.07742,0.3475,0.90046,0,0.00033,0.16071,0.00061,0.00018,0.00033,0.16071,0.00061,6e-05,4.18068,4.68605,5.71714,6.80776,0,0.0276893,0.00922978,0.0276893,0.00922978,0.0276893,0.00922978,0.0276893,0.00922978
391,685.319,0.2763,0.98085,0.41378,0.88679,0,3e-05,0.01786,4e-05,2e-05,3e-05,0.01786,4e-05,1e-05,2.44046,4.24689,6.7023,2.77158,0,0.0276834,0.0092278,0.0276834,0.0092278,0.0276834,0.0092278,0.0276834,0.0092278
392,687.303,0.27386,1.08865,0.35943,0.89047,0,0,0,0,0,0,0,0,0,3.05155,4.10538,8.14326,2.82022,0,0.0276775,0.00922582,0.0276775,0.00922582,0.0276775,0.00922582,0.0276775,0.00922582
393,689.002,0.27749,1.12979,0.36066,0.89304,0,0,0,0,0,0,0,0,0,4.16269,4.30337,9.30942,3.94043,0,0.0276715,0.00922384,0.0276715,0.00922384,0.0276715,0.00922384,0.0276715,0.00922384
394,690.923,0.2841,1.20349,0.43381,0.90808,0,0,0,0,0,0,0,0,0,4.45717,4.42163,15.1063,4.12603,0,0.0276656,0.00922186,0.0276656,0.00922186,0.0276656,0.00922186,0.0276656,0.00922186
395,692.751,0.24656,1.15952,0.39333,0.89147,0,0,0,0,0,0,0,0,0,4.43403,4.44474,23.2541,3.99147,0,0.0276596,0.00921988,0.0276596,0.00921988,0.0276596,0.00921988,0.0276596,0.00921988
396,694.801,0.26937,1.16973,0.38129,0.90286,0,0,0,0,0,0,0,0,0,4.59802,5.2302,25.3535,4.00011,0,0.0276537,0.0092179,0.0276537,0.0092179,0.0276537,0.0092179,0.0276537,0.0092179
397,696.817,0.28147,1.14944,0.39323,0.89526,0,0,0,0,0,0,0,0,0,4.46662,5.07235,25.6408,4.03311,0,0.0276478,0.00921592,0.0276478,0.00921592,0.0276478,0.00921592,0.0276478,0.00921592
398,698.93,0.27504,1.11728,0.42249,0.89657,0,0,0,0,0,0,0,0,0,4.17657,4.45254,20.9253,4.22038,0,0.0276418,0.00921394,0.0276418,0.00921394,0.0276418,0.00921394,0.0276418,0.00921394
399,700.806,0.31157,1.29224,0.43078,0.9276,0,0,0,0,0,0,0,0,0,3.96429,4.56078,16.5928,3.78258,0,0.0276359,0.00921196,0.0276359,0.00921196,0.0276359,0.00921196,0.0276359,0.00921196
400,702.749,0.27849,1.17724,0.43693,0.89716,0,0.00024,0.09524,0.00025,4e-05,0.00024,0.09524,0.00025,4e-05,3.9066,4.60663,12.7081,3.20306,0,0.0276299,0.00920998,0.0276299,0.00920998,0.0276299,0.00920998,0.0276299,0.00920998
401,704.607,0.30488,1.16391,0.43942,0.92776,0,0.00029,0.09524,0.00028,3e-05,0.00013,0.04762,9e-05,2e-05,4.45894,5.08243,12.2148,3.50195,0,0.027624,0.009208,0.027624,0.009208,0.027624,0.009208,0.027624,0.009208
402,706.65,0.29148,1.36299,0.46268,0.9088,0,0,0,0,0,0,0,0,0,4.89904,6.4021,29.2706,3.77349,0,0.0276181,0.00920602,0.0276181,0.00920602,0.0276181,0.00920602,0.0276181,0.00920602
403,708.731,0.3004,1.3668,0.46993,0.90233,0,0.29404,0.01786,0.0016,0.00126,0,0,0,0,2.69658,7.12592,31.6919,2.62937,0,0.0276121,0.00920404,0.0276121,0.00920404,0.0276121,0.00920404,0.0276121,0.00920404
404,710.808,0.36147,1.53219,0.47952,0.94503,0,2e-05,0.01786,1e-05,0,0,0,0,0,3.32442,8.66712,27.2009,3.66553,0,0.0276062,0.00920206,0.0276062,0.00920206,0.0276062,0.00920206,0.0276062,0.00920206
405,712.821,0.32855,1.52794,0.52913,0.91665,0,0.28594,0.125,0.00024,6e-05,0,0,0,0,3.07134,17.7331,31.1656,3.56314,0,0.0276002,0.00920008,0.0276002,0.00920008,0.0276002,0.00920008,0.0276002,0.00920008
406,714.84,0.3387,1.68128,0.50763,0.9356,0,0,0,0,0,0,0,0,0,3.58149,58.2389,32.8784,3.64195,0,0.0275943,0.0091981,0.0275943,0.0091981,0.0275943,0.0091981,0.0275943,0.0091981
407,716.635,0.29564,1.63331,0.47321,0.91336,0,0,0,0,0,0,0,0,0,3.57403,79.6313,19.3277,3.82128,0,0.0275884,0.00919612,0.0275884,0.00919612,0.0275884,0.00919612,0.0275884,0.00919612
